Date,Close,Open,High,Low,Volume,変化率 %
2018/1/4,15.52,16.55,16.59,15.12,,-3.18%
2018/1/5,15.67,14.78,15.84,14.78,,0.97%
2018/1/9,16.81,16.61,16.93,16.14,,7.28%
2018/1/10,16.17,16.8,16.8,16.17,,-3.81%
2018/1/11,15.72,16.43,16.46,15.7,,-2.78%
2018/1/12,14.91,15.76,15.98,14.91,,-5.15%
2018/1/15,14.91,15.46,15.52,14.83,,0.00%
2018/1/16,14.74,14.88,15.29,14.56,,-1.14%
2018/1/17,15.48,15.18,15.68,15.07,,5.02%
2018/1/18,16.12,15.53,16.71,15.5,,4.13%
2018/1/19,15.85,16.1,16.21,15.72,,-1.67%
2018/1/22,16.33,16.27,16.78,16.17,,3.03%
2018/1/23,16.16,16.32,16.51,15.97,,-1.04%
2018/1/24,16.33,16.41,16.41,16.07,,1.05%
2018/1/25,16.78,16.83,17.04,16.31,,2.76%
2018/1/26,16.66,16.56,17.2,16.31,,-0.72%
2018/1/29,16.53,17.27,17.28,16.48,,-0.78%
2018/1/30,17.65,16.75,17.94,16.59,,6.78%
2018/1/31,17.97,18.29,18.29,16.93,,1.81%
2018/2/1,17.2,17.37,17.37,16.65,,-4.28%
2018/2/2,17.51,17.45,18.32,17.29,,1.80%
2018/2/5,20.45,20.94,22.74,19.46,,16.79%
2018/2/6,31.02,28.15,35.34,27.79,,51.69%
2018/2/7,30.97,25.21,31.39,24.01,,-0.16%
2018/2/8,28.07,27.94,29.8,27.15,,-9.36%
2018/2/9,36.05,35.52,38.31,33.45,,28.43%
2018/2/13,33.75,25.27,33.77,22.93,,-6.38%
2018/2/14,30.02,30.89,33.1,28.35,,-11.05%
2018/2/15,25.37,26.29,26.93,24.73,,-15.49%
2018/2/16,23.48,24.13,24.82,23.03,,-7.45%
2018/2/19,22.21,23.22,23.22,21.94,,-5.41%
2018/2/20,23.84,22.4,24.85,22.28,,7.34%
2018/2/21,22.96,23.33,24.12,22.19,,-3.69%
2018/2/22,25.01,24.36,25.4,24.03,,8.93%
2018/2/23,22.08,23.42,23.76,22.07,,-11.72%
2018/2/26,20.72,21.68,21.87,20.72,,-6.16%
2018/2/27,21.03,19.95,21.27,19.75,,1.50%
2018/2/28,22.09,21.61,22.42,21.06,,5.04%
2018/3/1,24.59,23.13,25.07,23.13,,11.32%
2018/3/2,26.88,27.64,28.72,26.1,,9.31%
2018/3/5,28.39,29.53,29.83,27.12,,5.62%
2018/3/6,25.62,25.1,29.18,24.47,,-9.76%
2018/3/7,27.39,26.59,28.27,25.84,,6.91%
2018/3/8,25.09,25.35,25.81,24.79,,-8.40%
2018/3/9,24.34,23.8,25.4,23.17,,-2.99%
2018/3/12,22.37,22.22,23.88,22.12,,-8.09%
2018/3/13,21.28,23.12,23.33,21.17,,-4.87%
2018/3/14,21.15,22.23,22.23,21.15,,-0.61%
2018/3/15,21.08,21.57,22.41,21.03,,-0.33%
2018/3/16,21.79,20.74,22.43,20.46,,3.37%
2018/3/19,21.91,22.12,22.82,21.16,,0.55%
2018/3/20,22.02,23.66,24.08,21.91,,0.50%
2018/3/22,20.64,21.89,21.89,20.5,,-6.27%
2018/3/23,27,25.2,27.32,24.68,,30.81%
2018/3/26,25.41,28.2,28.23,24.77,,-5.89%
2018/3/27,22.82,24.16,24.16,22.28,,-10.19%
2018/3/28,24.11,24.34,25.39,23.83,,5.65%
2018/3/29,23.8,23.68,25.18,23.68,,-1.29%
2018/3/30,22.55,23.01,23.17,22.11,,-5.25%
2018/4/2,22.82,23.14,23.2,22.4,,1.20%
2018/4/3,22.98,24.82,25.31,22.98,,0.70%
2018/4/4,22.25,22.52,22.79,21.96,,-3.18%
2018/4/5,21.63,21.91,21.96,21.07,,-2.79%
2018/4/6,22.86,22.28,23.13,21.5,,5.69%
2018/4/9,21.24,23.04,23.08,21.12,,-7.09%
2018/4/10,20.96,21.51,21.81,20.76,,-1.32%
2018/4/11,20.89,21.37,21.41,20.65,,-0.33%
2018/4/12,19.82,20.77,20.77,19.78,,-5.12%
2018/4/13,18.46,19.09,19.27,18.44,,-6.86%
2018/4/16,17.92,18.59,18.59,17.75,,-2.93%
2018/4/17,16.88,17.75,17.82,16.86,,-5.80%
2018/4/18,16.98,16.68,17.12,16.16,,0.59%
2018/4/19,16.89,16.69,16.96,16.4,,-0.53%
2018/4/20,16,16.99,16.99,15.94,,-5.27%
2018/4/23,16.32,16.76,16.81,16.3,,2.00%
2018/4/24,16.1,16.38,16.52,15.88,,-1.35%
2018/4/25,16.43,18.14,18.14,16.39,,2.05%
2018/4/26,16.94,16.6,17.01,16.51,,3.10%
2018/4/27,16.16,16.51,16.69,16.06,,-4.60%
2018/5/1,15.93,16.82,16.93,15.91,,-1.42%
2018/5/2,15.17,15.65,15.65,15.09,,-4.77%
2018/5/7,15.42,15.63,15.92,15.31,,1.65%
2018/5/8,14.86,15.43,15.68,14.86,,-3.63%
2018/5/9,14.95,14.95,15.2,14.88,,0.61%
2018/5/10,14.77,14.65,15.01,14.39,,-1.20%
2018/5/11,15.19,14.59,15.23,14.55,,2.84%
2018/5/14,14.56,14.82,14.99,14.47,,-4.15%
2018/5/15,14.4,14.22,14.53,14.19,,-1.10%
2018/5/16,15.2,15.31,15.6,15.1,,5.56%
2018/5/17,14.5,14.52,14.68,14.36,,-4.61%
2018/5/18,14.48,14.32,14.58,14.17,,-0.14%
2018/5/21,14.54,14.76,14.81,14.33,,0.41%
2018/5/22,14.21,14.21,14.26,14.05,,-2.27%
2018/5/23,16.18,14.34,16.41,14.04,,13.86%
2018/5/24,16.96,16.16,18.29,16.12,,4.82%
2018/5/25,15.76,16.76,16.79,15.46,,-7.08%
2018/5/28,14.95,16.26,16.26,14.91,,-5.14%
2018/5/29,15.99,15.32,16.48,15.15,,6.96%
2018/5/30,18.89,18.93,20.29,18.65,,18.14%
2018/5/31,17.09,16.74,17.48,16.57,,-9.53%
2018/6/1,16.39,17.67,17.69,16.18,,-4.10%
2018/6/4,15,15.72,15.72,14.77,,-8.48%
2018/6/5,14.59,15.03,15.44,14.58,,-2.73%
2018/6/6,14.36,14.62,14.62,14.18,,-1.58%
2018/6/7,14.68,14.27,14.9,14.27,,2.23%
2018/6/8,16.05,14.52,16.07,14.39,,9.33%
2018/6/11,15.38,16.44,16.64,15.22,,-4.17%
2018/6/12,15.28,14.68,15.91,14.66,,-0.65%
2018/6/13,14.55,14.93,15.09,14.48,,-4.78%
2018/6/14,15.69,15.15,15.76,14.79,,7.84%
2018/6/15,15,14.7,15.4,14.64,,-4.40%
2018/6/18,16.24,15.68,16.55,15.55,,8.27%
2018/6/19,19.79,16.58,19.79,16.55,,21.86%
2018/6/20,17.34,18.33,19.65,17.12,,-12.38%
2018/6/21,16.67,16.97,16.98,15.72,,-3.86%
2018/6/22,17.55,18.48,19,17.55,,5.28%
2018/6/25,18.65,17.26,18.99,17.24,,6.27%
2018/6/26,18.53,19.98,20.44,18.51,,-0.64%
2018/6/27,18.8,18.21,18.91,18.03,,1.46%
2018/6/28,19.89,19.03,21.24,19.03,,5.80%
2018/6/29,19.4,19.57,20.92,19.14,,-2.46%
2018/7/2,23.01,19.6,23.16,18.85,,18.61%
2018/7/3,21.11,20.87,22.9,20.4,,-8.26%
2018/7/4,19.99,21,21.28,19.93,,-5.31%
2018/7/5,20.55,19.63,20.95,19.1,,2.80%
2018/7/6,18.17,19.57,19.64,18.14,,-11.58%
2018/7/9,16.64,17.71,17.85,16.52,,-8.42%
2018/7/10,16.11,15.71,16.23,15.47,,-3.19%
2018/7/11,17.7,16.95,18.94,16.78,,9.87%
2018/7/12,16.84,17.16,17.24,16.55,,-4.86%
2018/7/13,16.19,16.55,16.94,16.14,,-3.86%
2018/7/17,16.39,16.49,16.7,15.71,,1.24%
2018/7/18,15.83,16.05,16.23,15.76,,-3.42%
2018/7/19,15.78,15.67,16.36,15.67,,-0.32%
2018/7/20,16.38,16.16,17.63,15.53,,3.80%
2018/7/23,18.19,17.88,18.85,17.88,,11.05%
2018/7/24,16.66,17.38,17.57,16.62,,-8.41%
2018/7/25,16.21,16.4,16.78,16.12,,-2.70%
2018/7/26,16.39,16.24,16.79,16.17,,1.11%
2018/7/27,16.01,16.19,16.36,15.91,,-2.32%
2018/7/30,16.94,16.92,17.51,16.81,,5.81%
2018/7/31,15.68,17.24,17.74,15.38,,-7.44%
2018/8/1,14.63,15.2,15.27,14.34,,-6.70%
2018/8/2,16.26,15.09,17,14.71,,11.14%
2018/8/3,15.73,15.57,16.07,15.32,,-3.26%
2018/8/6,15.58,15.54,15.66,15.03,,-0.95%
2018/8/7,14.6,15.38,15.46,14.56,,-6.29%
2018/8/8,14.6,14.38,14.74,14.15,,0.00%
2018/8/9,14.32,14.83,15.25,14.26,,-1.92%
2018/8/10,16.19,14.44,16.5,14.38,,13.06%
2018/8/13,18.94,17.32,19.6,17.32,,16.99%
2018/8/14,15.97,17.64,17.8,15.95,,-15.68%
2018/8/15,17.11,16.18,17.56,16,,7.14%
2018/8/16,17.72,18.57,19.67,17.51,,3.57%
2018/8/17,17.24,17.15,17.84,16.88,,-2.71%
2018/8/20,17.02,17.7,17.7,16.8,,-1.28%
2018/8/21,15.87,16.94,17.35,15.68,,-6.76%
2018/8/22,15.46,16.1,16.37,15.09,,-2.58%
2018/8/23,14.89,15.33,15.44,14.89,,-3.69%
2018/8/24,14.55,14.95,15.1,14.41,,-2.28%
2018/8/27,14.9,14.6,15.34,14.59,,2.41%
2018/8/28,14.69,14.78,15.15,14.68,,-1.41%
2018/8/29,14.48,14.7,14.76,14.21,,-1.43%
2018/8/30,14.97,14.83,15.38,14.82,,3.38%
2018/8/31,15.08,15.57,16.04,14.97,,0.73%
2018/9/3,15.57,15.52,15.65,15.22,,3.25%
2018/9/4,15.28,15.41,15.8,15.25,,-1.86%
2018/9/5,16.47,15.53,16.77,15.34,,7.79%
2018/9/6,16.9,16.92,17.23,16.36,,2.61%
2018/9/7,17.17,17.56,18.39,17.17,,1.60%
2018/9/10,16.69,17.53,17.53,16.62,,-2.80%
2018/9/11,16.13,16.3,16.31,15.84,,-3.36%
2018/9/12,16.31,16.03,16.9,16,,1.12%
2018/9/13,16.44,16.05,16.7,15.68,,0.80%
2018/9/14,16.38,15.84,16.82,15.72,,-0.36%
2018/9/18,16.96,16.96,17.15,16.66,,3.54%
2018/9/19,16.58,16.68,17.16,16.42,,-2.24%
2018/9/20,16.1,16.09,16.53,15.83,,-2.90%
2018/9/21,16.17,15.91,16.24,15.83,,0.43%
2018/9/25,16.48,16.95,16.99,16.42,,1.92%
2018/9/26,16.44,16.44,16.63,16.02,,-0.24%
2018/9/27,16.33,16.79,16.87,16.25,,-0.67%
2018/9/28,16.76,16.27,17.12,16.26,,2.63%
2018/10/1,16.94,17.22,17.37,16.87,,1.07%
2018/10/2,17.22,17.27,17.42,17.04,,1.65%
2018/10/3,17.05,17.4,17.54,16.9,,-0.99%
2018/10/4,18.49,16.92,18.58,16.9,,8.45%
2018/10/5,18.05,19.07,19.3,18,,-2.38%
2018/10/9,19.15,19.78,19.83,18.87,,6.09%
2018/10/10,18.36,19.04,19.06,18.36,,-4.13%
2018/10/11,26.46,24.66,27.52,22.75,,44.12%
2018/10/12,25.42,26.56,27.09,24.69,,-3.93%
2018/10/15,27.71,25.81,27.71,25.65,,9.01%
2018/10/16,24.32,26.23,26.23,23.91,,-12.23%
2018/10/17,20.99,21.53,21.56,20.82,,-13.69%
2018/10/18,22.39,21.31,22.39,21.17,,6.67%
2018/10/19,22.36,24.5,24.5,22.32,,-0.13%
2018/10/22,21.8,23.72,24.17,21.66,,-2.50%
2018/10/23,26.15,22.87,26.15,22.83,,19.95%
2018/10/24,25.22,23.77,26,23.54,,-3.56%
2018/10/25,29.17,30.33,30.56,28.43,,15.66%
2018/10/26,28.11,27.74,30.42,27.29,,-3.63%
2018/10/29,28.15,28,29.01,26.98,,0.14%
2018/10/30,26.65,28.64,28.68,26.44,,-5.33%
2018/10/31,26.28,26.05,26.67,25.48,,-1.39%
2018/11/1,26.15,25.94,26.15,25.03,,-0.49%
2018/11/2,25.29,24.75,25.47,24.48,,-3.29%
2018/11/5,28.32,28.19,28.86,27.88,,11.98%
2018/11/6,26.8,28.03,28.37,26.8,,-5.37%
2018/11/7,24.82,26.26,26.41,23.67,,-7.39%
2018/11/8,21.15,22.38,22.38,20.95,,-14.79%
2018/11/9,20.68,21.05,21.05,19.49,,-2.22%
2018/11/12,19.6,21.8,21.8,19.38,,-5.22%
2018/11/13,22.35,22.6,24.01,22.15,,14.03%
2018/11/14,22.31,22.01,22.6,21.26,,-0.18%
2018/11/15,22.6,23.62,24.11,22.31,,1.30%
2018/11/16,22.6,22.51,22.94,21.8,,0.00%
2018/11/19,20.8,22.28,22.28,20.8,,-7.96%
2018/11/20,21.19,22.25,22.34,21.02,,1.88%
2018/11/21,21.21,23.1,23.1,21.15,,0.09%
2018/11/22,20.29,20.84,21,20.08,,-4.34%
2018/11/26,20.4,21.04,21.07,20.19,,0.54%
2018/11/27,20.63,19.98,20.8,19.86,,1.13%
2018/11/28,20.49,20.57,20.78,20.45,,-0.68%
2018/11/29,20.11,20.38,20.46,19.98,,-1.85%
2018/11/30,20.1,20.15,20.4,19.52,,-0.05%
2018/12/3,17.62,18.27,18.35,17.42,,-12.34%
2018/12/4,18.89,17.88,19.18,17.05,,7.21%
2018/12/5,19.47,20.82,21.05,19.34,,3.07%
2018/12/6,22.24,20.37,23.06,20.35,,14.23%
2018/12/7,21.32,21.22,21.84,20.26,,-4.14%
2018/12/10,23.92,23.58,24.05,23.19,,12.20%
2018/12/11,23.01,22.56,23.56,22.34,,-3.80%
2018/12/12,21.23,22.51,22.73,21.17,,-7.74%
2018/12/13,19.59,20.7,20.79,19.57,,-7.72%
2018/12/14,21.69,20.08,21.9,19.34,,10.72%
2018/12/17,20.65,21.77,21.88,20.5,,-4.79%
2018/12/18,22.64,21.99,22.95,21.76,,9.64%
2018/12/19,23.07,23.12,24.26,22.83,,1.90%
2018/12/20,25.97,22.69,26.53,22.05,,12.57%
2018/12/21,26.24,25.8,28.49,25.8,,1.04%
2018/12/25,32.25,29.88,33.12,29.88,,22.90%
2018/12/26,30.91,31.27,32.56,30.2,,-4.16%
2018/12/27,27.51,27.16,27.97,26.88,,-11.00%
2018/12/28,29.32,28.68,29.77,27.86,,6.58%
2019/1/4,27.55,28.32,29.74,27.44,,-6.04%
2019/1/7,26.45,25.35,26.74,25.02,,-3.99%
2019/1/8,23.73,25.98,25.98,23.68,,-10.28%
2019/1/9,23.3,23.29,23.52,22.66,,-1.81%
2019/1/10,24.44,23.87,24.59,23.27,,4.89%
2019/1/11,23.57,23.38,23.89,23.17,,-3.56%
2019/1/15,22.68,23.59,23.63,21.73,,-3.78%
2019/1/16,22.11,22.29,23.37,22.04,,-2.51%
2019/1/17,21.74,21.55,22,21.15,,-1.67%
2019/1/18,20.78,21.64,21.64,20.52,,-4.42%
2019/1/21,20.59,21.39,21.64,20.55,,-0.91%
2019/1/22,20.62,20.15,20.75,19.63,,0.15%
2019/1/23,20.85,21.36,21.58,20.55,,1.12%
2019/1/24,20.42,21.04,21.31,20.42,,-2.06%
2019/1/25,19.54,20.07,20.07,19.46,,-4.31%
2019/1/28,19.99,20.07,20.26,19.82,,2.30%
2019/1/29,20.06,20.62,21.99,20.03,,0.35%
2019/1/30,20.19,20.14,20.88,20.09,,0.65%
2019/1/31,18.86,19.18,19.6,18.6,,-6.59%
2019/2/1,18.35,18.7,18.71,17.88,,-2.70%
2019/2/4,17.23,18.26,18.35,17.16,,-6.10%
2019/2/5,16.55,16.74,16.81,16.42,,-3.95%
2019/2/6,17.3,16.65,17.39,16.42,,4.53%
2019/2/7,17.15,17.04,18.12,16.99,,-0.87%
2019/2/8,19.81,18.56,19.92,17.76,,15.51%
2019/2/12,18,19.01,19.01,17.37,,-9.14%
2019/2/13,18.17,17.9,18.5,17.81,,0.94%
2019/2/14,17.78,18,18.11,17.63,,-2.15%
2019/2/15,18.64,18.51,19.34,18.43,,4.84%
2019/2/18,17.88,18.36,18.53,17.88,,-4.08%
2019/2/19,18.34,18.21,18.54,17.9,,2.57%
2019/2/20,18.12,18.49,18.5,17.97,,-1.20%
2019/2/21,17.57,18.38,18.38,17.51,,-3.04%
2019/2/22,17.11,17.82,17.85,17.04,,-2.62%
2019/2/25,17.04,17.38,17.56,17.04,,-0.41%
2019/2/26,16.83,16.93,17.34,16.59,,-1.23%
2019/2/27,16.67,16.88,16.95,16.41,,-0.95%
2019/2/28,16.78,17.01,17.23,16.27,,0.66%
2019/3/1,16.8,16.72,16.84,16.38,,0.12%
2019/3/4,16.54,16.89,16.92,16.04,,-1.55%
2019/3/5,16.73,16.92,17.14,16.68,,1.15%
2019/3/6,17.56,16.93,17.63,16.85,,4.96%
2019/3/7,18.12,17.99,18.42,17.75,,3.19%
2019/3/8,19.81,19.25,20.25,18.55,,9.33%
2019/3/11,18.69,19.7,19.7,18.56,,-5.65%
2019/3/12,17.21,17.45,17.66,16.57,,-7.92%
2019/3/13,17.73,17.39,18.41,17.1,,3.02%
2019/3/14,16.99,17.07,17.48,16.71,,-4.17%
2019/3/15,16.03,16.59,16.59,15.71,,-5.65%
2019/3/18,15.87,16.16,16.31,15.75,,-1.00%
2019/3/19,15.74,16.1,16.25,15.61,,-0.82%
2019/3/20,15.76,15.88,16.31,15.49,,0.13%
2019/3/22,15.44,15.85,16.06,15.41,,-2.03%
2019/3/25,19.4,18.2,20.18,18.14,,25.65%
2019/3/26,17.95,18.06,18.06,17.22,,-7.47%
2019/3/27,17.2,17.41,17.99,17.17,,-4.18%
2019/3/28,18.48,18.02,19.09,18,,7.44%
2019/3/29,17.22,17.65,17.95,17.18,,-6.82%
2019/4/1,17.2,17.18,17.4,16.73,,-0.12%
2019/4/2,17,16.65,17.28,16.65,,-1.16%
2019/4/3,16.24,16.76,16.91,16.22,,-4.47%
2019/4/4,16.18,16.49,16.59,16.11,,-0.37%
2019/4/5,16.2,16.13,16.28,15.94,,0.12%
2019/4/8,16.12,16.17,16.31,15.93,,-0.49%
2019/4/9,16,16.05,16.2,15.81,,-0.74%
2019/4/10,16.16,16.46,16.57,16.13,,1.00%
2019/4/11,15.6,16.18,16.18,15.46,,-3.47%
2019/4/12,15.24,15.1,15.32,14.69,,-2.31%
2019/4/15,15.72,15.41,15.76,15.21,,3.15%
2019/4/16,14.82,15.51,15.59,14.7,,-5.73%
2019/4/17,14.88,14.63,15.05,14.51,,0.40%
2019/4/18,15.86,15.08,16.12,14.89,,6.59%
2019/4/19,15.21,15.45,15.47,14.99,,-4.10%
2019/4/22,15.83,15.87,16.34,15.74,,4.08%
2019/4/23,15.56,15.84,16.5,15.5,,-1.71%
2019/4/24,16.4,15.52,16.53,15.52,,5.40%
2019/4/25,15.86,16.32,16.91,15.8,,-3.29%
2019/4/26,16.76,16.99,16.99,15.79,,5.67%
2019/5/7,19.43,21.4,21.63,18.32,,15.93%
2019/5/8,20.96,21.98,22.28,20.91,,7.87%
2019/5/9,23.75,21.06,23.75,21.06,,13.31%
2019/5/10,23.79,22.75,24.66,21.63,,0.17%
2019/5/13,22.4,22.73,23.64,21.74,,-5.84%
2019/5/14,21.99,24.34,24.34,21.93,,-1.83%
2019/5/15,18.99,20.68,21.17,18.81,,-13.64%
2019/5/16,19.4,19.28,19.62,18.83,,2.16%
2019/5/17,18.56,18.48,18.7,17.44,,-4.33%
2019/5/20,18.18,18.95,18.95,17.92,,-2.05%
2019/5/21,18.37,18.86,18.94,17.81,,1.05%
2019/5/22,17.71,17.91,17.98,17.31,,-3.59%
2019/5/23,18.42,17.83,18.46,17.58,,4.01%
2019/5/24,18.56,19.62,19.62,18.44,,0.76%
2019/5/27,18.12,18.85,18.85,17.92,,-2.37%
2019/5/28,17.68,18.17,18.19,17.44,,-2.43%
2019/5/29,18.49,18.17,18.95,18.03,,4.58%
2019/5/30,18.68,18.99,19.12,18.3,,1.03%
2019/5/31,20.25,19.25,20.36,18.89,,8.40%
2019/6/3,20.88,21.33,21.34,20.19,,3.11%
2019/6/4,20.1,20.2,20.49,19.79,,-3.74%
2019/6/5,18.7,18.98,19.34,18.5,,-6.97%
2019/6/6,18.02,18.6,18.6,17.55,,-3.64%
2019/6/7,17.16,17.65,17.76,17.16,,-4.77%
2019/6/10,17.15,17.57,17.69,16.94,,-0.06%
2019/6/11,16.9,17.05,17.14,16.66,,-1.46%
2019/6/12,17.53,17.26,17.53,16.87,,3.73%
2019/6/13,17.62,17.67,17.99,17.41,,0.51%
2019/6/14,17.28,17.24,17.51,17.11,,-1.93%
2019/6/17,16.74,17.25,17.25,16.63,,-3.13%
2019/6/18,16.92,16.65,17.07,16.47,,1.08%
2019/6/19,16.28,16.33,16.47,15.96,,-3.78%
2019/6/20,15.25,15.63,15.85,15.21,,-6.33%
2019/6/21,16,15.55,16.36,15.25,,4.92%
2019/6/24,16.07,16.62,16.81,16.02,,0.44%
2019/6/25,16.37,16.24,16.65,15.87,,1.87%
2019/6/26,16.56,16.88,16.92,16.23,,1.16%
2019/6/27,16.35,16.6,16.61,16.14,,-1.27%
2019/6/28,16.78,16.62,16.97,16.49,,2.63%
2019/7/1,15.15,16.05,16.2,14.82,,-9.71%
2019/7/2,15.04,15.11,15.13,14.79,,-0.73%
2019/7/3,14.8,14.85,14.99,14.61,,-1.60%
2019/7/4,14.23,14.41,14.71,14.23,,-3.85%
2019/7/5,14.02,14.32,14.39,13.93,,-1.48%
2019/7/8,14.39,14.74,14.74,14.18,,2.64%
2019/7/9,14.23,14.39,14.49,13.91,,-1.11%
2019/7/10,14.63,14.5,14.63,14.31,,2.81%
2019/7/11,13.5,14.25,14.33,13.21,,-7.72%
2019/7/12,13.12,13.72,13.72,13.12,,-2.81%
2019/7/16,13.21,13.73,13.88,13.12,,0.69%
2019/7/17,13.43,13.01,13.47,13.01,,1.67%
2019/7/18,16.36,14.38,17.08,14.38,,21.82%
2019/7/19,14.59,15.36,15.36,14.34,,-10.82%
2019/7/22,15.21,15.22,15.45,15.06,,4.25%
2019/7/23,14.75,14.86,14.94,14.64,,-3.02%
2019/7/24,14.95,14.79,15.09,14.75,,1.36%
2019/7/25,15.18,14.97,15.29,14.86,,1.54%
2019/7/26,15.34,15.5,15.82,15.32,,1.05%
2019/7/29,15.57,15.42,15.82,15.25,,1.50%
2019/7/30,15.1,15.45,15.51,15.04,,-3.02%
2019/7/31,15.72,15.87,16.2,15.68,,4.11%
2019/8/1,15.55,16.32,16.84,15.23,,-1.08%
2019/8/2,17.93,17.94,18.81,17.52,,15.31%
2019/8/5,21.41,19.25,22.07,18.95,,19.41%
2019/8/6,23,26.46,26.46,21.86,,7.43%
2019/8/7,22.34,22.34,22.84,21.53,,-2.87%
2019/8/8,21.06,21.88,22.12,20.67,,-5.73%
2019/8/9,19.71,19.87,19.89,19.38,,-6.41%
2019/8/13,21.32,21.28,21.75,20.73,,8.17%
2019/8/14,19.09,19.32,19.67,18.98,,-10.46%
2019/8/15,21.36,22.77,22.77,21.08,,11.89%
2019/8/16,21.77,22.22,22.29,21.32,,1.92%
2019/8/19,20.43,20.5,20.92,20.15,,-6.16%
2019/8/20,18.14,19.46,19.46,18.08,,-11.21%
2019/8/21,18.34,19.43,19.43,17.97,,1.10%
2019/8/22,17.56,17.55,17.75,17.11,,-4.25%
2019/8/23,17.31,17.99,17.99,17.23,,-1.42%
2019/8/26,20.81,21.16,21.5,20.37,,20.22%
2019/8/27,19.31,19.9,19.9,18.6,,-7.21%
2019/8/28,18.95,19.24,19.3,18.91,,-1.86%
2019/8/29,19.37,18.84,19.76,18.53,,2.22%
2019/8/30,18.1,18.19,18.39,17.75,,-6.56%
2019/9/2,18.41,19.13,19.13,18.24,,1.71%
2019/9/3,17.97,18.52,18.61,17.9,,-2.39%
2019/9/4,17.5,18.25,18.28,17.41,,-2.62%
2019/9/5,16.48,17.19,17.41,16.14,,-5.83%
2019/9/6,16.41,16.53,16.65,15.97,,-0.42%
2019/9/9,15.4,16.43,16.43,15.33,,-6.15%
2019/9/10,15.29,15.4,15.45,15.02,,-0.71%
2019/9/11,16.24,15.3,16.24,15.1,,6.21%
2019/9/12,16.18,16.1,16.57,15.94,,-0.37%
2019/9/13,16.31,16.21,16.55,15.89,,0.80%
2019/9/17,16.44,16.71,16.72,16.13,,0.80%
2019/9/18,16.79,16.61,16.96,16.53,,2.13%
2019/9/19,16.39,16.63,17.13,15.98,,-2.38%
2019/9/20,15.91,16.09,16.13,15.52,,-2.93%
2019/9/24,16.57,16.73,16.82,16.45,,4.15%
2019/9/25,17.61,17.58,17.69,17.25,,6.28%
2019/9/26,17.17,17.26,17.3,16.92,,-2.50%
2019/9/27,16.81,17.14,17.54,16.77,,-2.10%
2019/9/30,17.35,17.62,17.68,17.22,,3.21%
2019/10/1,15.91,16.91,16.94,15.91,,-8.30%
2019/10/2,16.9,17.43,17.43,16.76,,6.22%
2019/10/3,19.05,19.03,19.31,18.48,,12.72%
2019/10/4,18.3,18.51,18.55,17.9,,-3.94%
2019/10/7,18.15,17.9,18.39,17.51,,-0.82%
2019/10/8,17.02,17.25,17.35,16.94,,-6.23%
2019/10/9,18.02,18.5,18.54,17.84,,5.88%
2019/10/10,17.74,18.15,18.61,17.42,,-1.55%
2019/10/11,17.34,17.46,17.69,17.05,,-2.25%
2019/10/15,15.7,16.52,16.52,15.56,,-9.46%
2019/10/16,15.71,15.5,15.98,15.2,,0.06%
2019/10/17,15.45,15.75,15.87,15.26,,-1.65%
2019/10/18,15.63,15.6,15.64,15.32,,1.17%
2019/10/21,15.63,15.98,15.98,15.62,,0.00%
2019/10/23,15.47,15.5,16.03,15.4,,-1.02%
2019/10/24,15.18,15.47,15.5,15.17,,-1.87%
2019/10/25,14.78,15.2,15.2,14.7,,-2.64%
2019/10/28,14.93,14.96,15.05,14.84,,1.01%
2019/10/29,14.83,14.91,14.98,14.71,,-0.67%
2019/10/30,15.49,15.05,15.51,14.83,,4.45%
2019/10/31,14.25,15.12,15.12,14.24,,-8.01%
2019/11/1,14.27,15.13,15.17,14.27,,0.14%
2019/11/5,14.67,14.51,14.95,14.45,,2.80%
2019/11/6,15.18,14.8,15.33,14.69,,3.48%
2019/11/7,14.33,14.98,14.98,14.28,,-5.60%
2019/11/8,14.64,14.34,14.96,14.12,,2.16%
2019/11/11,14.67,14.59,14.81,14.3,,0.20%
2019/11/12,14.14,14.62,14.67,14.14,,-3.61%
2019/11/13,15.43,14.36,15.43,14.28,,9.12%
2019/11/14,15.85,15.15,16.23,14.92,,2.72%
2019/11/15,14.8,15.51,15.56,14.72,,-6.62%
2019/11/18,14.37,15.18,15.18,14.37,,-2.91%
2019/11/19,14.49,14.42,15.01,14.28,,0.84%
2019/11/20,15.07,14.81,15.41,14.52,,4.00%
2019/11/21,15.57,15.41,16.82,15.25,,3.32%
2019/11/22,15.18,15.57,15.57,14.83,,-2.50%
2019/11/25,14.84,14.97,15.14,14.83,,-2.24%
2019/11/26,14.43,14.35,14.71,14.21,,-2.76%
2019/11/27,14.02,14.07,14.09,13.93,,-2.84%
2019/11/28,14.19,14.11,14.49,14.06,,1.21%
2019/11/29,14.37,14.01,14.64,13.96,,1.27%
2019/12/2,13.85,14.64,14.64,13.72,,-3.62%
2019/12/3,14.77,15.46,15.46,14.62,,6.64%
2019/12/4,16.45,15.97,16.48,15.84,,11.37%
2019/12/5,15.44,15.45,15.6,15.01,,-6.14%
2019/12/6,15.32,15.51,15.74,15.31,,-0.78%
2019/12/9,15.7,15.28,15.8,15.21,,2.48%
2019/12/10,15.98,15.89,16.18,15.83,,1.78%
2019/12/11,16.21,16.14,16.39,15.76,,1.44%
2019/12/12,15.93,16.36,16.36,15.84,,-1.73%
2019/12/13,14.74,14.73,15.05,14.5,,-7.47%
2019/12/16,13.68,14.77,14.77,13.48,,-7.19%
2019/12/17,12.98,13.09,13.43,12.96,,-5.12%
2019/12/18,13.54,13.33,13.57,13.02,,4.31%
2019/12/19,13.22,13.56,13.62,13.21,,-2.36%
2019/12/20,13.52,13.42,13.65,13.3,,2.27%
2019/12/23,13.85,13.59,13.98,13.59,,2.44%
2019/12/24,13.93,13.79,14.1,13.77,,0.58%
2019/12/25,13.77,13.92,13.93,13.76,,-1.15%
2019/12/26,13.67,13.78,13.84,13.52,,-0.73%
2019/12/27,13.69,13.71,13.73,13.51,,0.15%
2019/12/30,14.8,14.47,14.96,14.47,,8.11%
2020/1/6,16.87,16.3,16.87,15.74,,13.99%
2020/1/7,15.11,15.88,15.88,15,,-10.43%
2020/1/8,17.25,16.38,19.19,16.38,,14.16%
2020/1/9,14.77,15.14,15.14,14.45,,-14.38%
2020/1/10,14.32,14.52,14.82,14.32,,-3.05%
2020/1/14,14.16,14.3,14.53,14.08,,-1.12%
2020/1/15,14.36,14.13,14.54,13.98,,1.41%
2020/1/16,13.9,14.19,14.23,13.84,,-3.20%
2020/1/17,13.2,13.66,13.67,13.2,,-5.04%
2020/1/20,13.48,13.6,13.6,13.28,,2.12%
2020/1/21,14.96,13.48,15.13,13.47,,10.98%
2020/1/22,14.26,15.18,15.22,14.26,,-4.68%
2020/1/23,15.58,15.24,15.73,14.8,,9.26%
2020/1/24,14.88,15.26,15.26,14.77,,-4.49%
2020/1/27,19.72,19.01,19.72,18.32,,32.53%
2020/1/28,19.25,20.62,20.62,19.01,,-2.38%
2020/1/29,17.58,18.28,19.08,17.57,,-8.68%
2020/1/30,19.34,17.7,19.78,17.4,,10.01%
2020/1/31,18.59,18.19,18.59,17.08,,-3.88%
2020/2/3,19.98,21.86,22.03,19.59,,7.48%
2020/2/4,18.45,20.27,20.28,18.44,,-7.66%
2020/2/5,17.34,17.57,17.61,16.97,,-6.02%
2020/2/6,17.65,16.65,17.77,16.41,,1.79%
2020/2/7,17.31,17.14,17.89,16.98,,-1.93%
2020/2/10,17.97,18.45,18.45,17.57,,3.81%
2020/2/12,16.31,17.46,17.63,16.31,,-9.24%
2020/2/13,16.1,16.72,16.93,15.94,,-1.29%
2020/2/14,16.47,16.89,17.32,15.96,,2.30%
2020/2/17,15.96,16.83,17.62,15.96,,-3.10%
2020/2/18,17.57,16.47,18.03,16.4,,10.09%
2020/2/19,17.04,16.84,17.24,16.47,,-3.02%
2020/2/20,16.99,15.98,17.54,15.66,,-0.29%
2020/2/21,18.91,18.13,18.91,17.48,,11.30%
2020/2/25,24.42,25.84,25.9,23.69,,29.14%
2020/2/26,27.65,27.93,29.74,26.85,,13.23%
2020/2/27,31.4,27.53,31.7,27.34,,13.56%
2020/2/28,42.81,35.86,42.85,34.89,,36.34%
2020/3/2,39.3,47.96,47.96,35.01,,-8.20%
2020/3/3,37.8,33.88,38.04,31.86,,-3.82%
2020/3/4,33.2,36.48,36.78,32.86,,-12.17%
2020/3/5,28.07,30,30.75,28.02,,-15.45%
2020/3/6,36.41,32.3,37.38,31.77,,29.71%
2020/3/9,47.71,42.82,48.89,33.98,,31.04%
2020/3/10,44.43,45.74,46.78,43.69,,-6.87%
2020/3/11,47.09,46.07,47.09,44.52,,5.99%
2020/3/12,51.48,49.65,52.09,49.41,,9.32%
2020/3/13,51.1,50.86,54.23,47.39,,-0.74%
2020/3/16,60.67,51.38,60.86,51.22,,18.73%
2020/3/17,56.63,56.9,60.74,53.45,,-6.66%
2020/3/18,56.12,55.34,57.73,54.61,,-0.90%
2020/3/19,58.45,57.29,58.63,54.74,,4.15%
2020/3/23,54.47,58.49,59.79,54.47,,-6.81%
2020/3/24,45.49,51.65,51.69,36.32,,-16.49%
2020/3/25,48.28,49.08,49.46,45.93,,6.13%
2020/3/26,54.18,52.29,54.53,51.27,,12.22%
2020/3/27,52.78,50.58,54.08,50.11,,-2.58%
2020/3/30,55.79,54.86,57.05,54.82,,5.70%
2020/3/31,49.94,53.7,53.7,48.08,,-10.49%
2020/4/1,50.28,48.63,50.65,45.65,,0.68%
2020/4/2,47.78,50.19,50.19,47.16,,-4.97%
2020/4/3,45.97,47.57,47.64,44.87,,-3.79%
2020/4/6,41.18,46.32,46.38,40.81,,-10.42%
2020/4/7,40.11,40.63,42.42,39.5,,-2.60%
2020/4/8,42.45,40.75,43.84,39.65,,5.83%
2020/4/9,40.45,40.54,41.36,38.85,,-4.71%
2020/4/10,41.18,40.17,41.73,40.07,,1.80%
2020/4/13,42.56,41.45,43.09,39.41,,3.35%
2020/4/14,37.21,41.11,41.11,35.75,,-12.57%
2020/4/15,36.26,37.02,37.69,36.26,,-2.55%
2020/4/16,39.44,38.26,39.59,37.52,,8.77%
2020/4/17,37.58,39.15,39.19,35.31,,-4.72%
2020/4/20,37.67,38.28,38.28,37.04,,0.24%
2020/4/21,40.96,39.55,42.69,39.3,,8.73%
2020/4/22,42.02,43.3,45.24,41.58,,2.59%
2020/4/23,37.77,38.88,39.18,37.69,,-10.11%
2020/4/24,38.64,37.92,39.13,37.66,,2.30%
2020/4/27,34.86,37.76,37.76,34.47,,-9.78%
2020/4/28,33.35,30.93,41.68,30.93,,-4.33%
2020/4/30,31.39,32.72,32.72,29.37,,-5.88%
2020/5/1,40.15,40.08,41.37,33.54,,27.91%
2020/5/7,34.15,45.93,45.93,33.97,,-14.94%
2020/5/8,30.35,30.88,30.97,29.52,,-11.13%
2020/5/11,28.01,29.22,29.22,27.97,,-7.71%
2020/5/12,28.93,28.2,29.35,28.2,,3.28%
2020/5/13,29.15,30.59,31.41,29.15,,0.76%
2020/5/14,34.45,31.93,34.45,30.89,,18.18%
2020/5/15,32.13,31.23,33.88,30.33,,-6.73%
2020/5/18,30.67,31.62,32.15,30.52,,-4.54%
2020/5/19,28.6,28.01,29.42,27.73,,-6.75%
2020/5/20,27.72,28.68,28.68,27.24,,-3.08%
2020/5/21,27.15,27.1,27.99,26.97,,-2.06%
2020/5/22,29.8,27.71,30.24,27.39,,9.76%
2020/5/25,27.73,28.46,29.12,27.73,,-6.95%
2020/5/26,26.72,26.99,27.48,26.51,,-3.64%
2020/5/27,26.99,27,28.27,26.83,,1.01%
2020/5/28,27.34,28.95,29.17,27.32,,1.30%
2020/5/29,27.6,28.38,29.38,27.31,,0.95%
2020/6/1,27.6,28.66,28.76,27.59,,0.00%
2020/6/2,27.28,27.55,27.71,27.08,,-1.16%
2020/6/3,27.38,27.46,28.67,27.27,,0.37%
2020/6/4,27.76,27.11,29.98,27.05,,1.39%
2020/6/5,26.02,27.13,27.23,25.6,,-6.27%
2020/6/8,25.87,26.81,27.2,25.51,,-0.58%
2020/6/9,25.91,26.06,26.86,25.44,,0.15%
2020/6/10,26.91,27.29,27.33,26.16,,3.86%
2020/6/11,29.78,27.88,30.02,26.87,,10.67%
2020/6/12,33.42,36.71,36.87,32.93,,12.22%
2020/6/15,39.59,35.1,39.93,33.72,,18.46%
2020/6/16,33.85,33.33,34.01,32.59,,-14.50%
2020/6/17,33.05,33.86,34.48,33.01,,-2.36%
2020/6/18,33.34,33.21,35.03,32.74,,0.88%
2020/6/19,30.49,32.09,32.65,30.45,,-8.55%
2020/6/22,31.3,31.54,32.37,30.21,,2.66%
2020/6/23,28.9,29.43,32.35,28.49,,-7.67%
2020/6/24,28.25,28.42,28.95,27.81,,-2.25%
2020/6/25,30.86,32.03,32.03,29.77,,9.24%
2020/6/26,28.53,29.65,29.65,27.82,,-7.55%
2020/6/29,32.42,31.02,33.13,31.01,,13.63%
2020/6/30,29.12,30.61,30.61,28.34,,-10.18%
2020/7/1,28.12,27.94,28.71,27.03,,-3.43%
2020/7/2,26.2,27.31,27.51,25.55,,-6.83%
2020/7/3,23.54,24.73,24.8,23.49,,-10.15%
2020/7/6,21.5,23.16,23.48,21.29,,-8.67%
2020/7/7,22.49,22.36,22.65,21.99,,4.60%
2020/7/8,23.32,22.87,23.33,22.31,,3.69%
2020/7/9,23.89,26.07,26.07,22.72,,2.44%
2020/7/10,24.65,24.04,25.75,23.57,,3.18%
2020/7/13,23.43,24,24.03,23.07,,-4.95%
2020/7/14,24.24,24.13,24.64,23.84,,3.46%
2020/7/15,23.11,23.3,23.36,22.76,,-4.66%
2020/7/16,23.3,22.86,23.58,22.58,,0.82%
2020/7/17,22.62,22.63,22.89,22.12,,-2.92%
2020/7/20,22.48,22.85,23.24,22.17,,-0.62%
2020/7/21,20.78,21.53,21.53,20.63,,-7.56%
2020/7/22,20.98,21.21,21.27,20.36,,0.96%
2020/7/27,22.7,23.81,24.35,22.65,,8.20%
2020/7/28,21.73,22.26,22.26,21.27,,-4.27%
2020/7/29,23.7,22.18,23.74,22.04,,9.07%
2020/7/30,22.68,22.48,22.85,21.91,,-4.30%
2020/7/31,25.96,23.87,26.48,22.98,,14.46%
2020/8/3,23.75,24.99,24.99,22.74,,-8.51%
2020/8/4,21.39,22.97,22.97,21.39,,-9.94%
2020/8/5,21.56,22.31,22.75,21.55,,0.79%
2020/8/6,21.3,21.19,21.66,20.67,,-1.21%
2020/8/7,21.5,22.19,22.31,20.87,,0.94%
2020/8/11,21.3,23.37,23.37,20.94,,-0.93%
2020/8/12,21.64,21.93,22.46,21.51,,1.60%
2020/8/13,21.58,21.06,21.58,20.96,,-0.28%
2020/8/14,21.1,20.46,21.89,20.46,,-2.22%
2020/8/17,22.09,22.6,22.6,21.71,,4.69%
2020/8/18,21.19,21.5,21.77,21,,-4.07%
2020/8/19,21.17,21.58,21.67,20.79,,-0.09%
2020/8/20,22.65,21.42,23.15,21.42,,6.99%
2020/8/21,21.56,22.3,22.3,21.18,,-4.81%
2020/8/24,21.99,22.83,22.83,21.87,,1.99%
2020/8/25,21.27,21.52,21.7,20.87,,-3.27%
2020/8/26,21.97,21.71,21.97,21.16,,3.29%
2020/8/27,22.42,21.59,22.7,21.44,,2.05%
2020/8/28,25.93,23.03,28.37,22.11,,15.66%
2020/8/31,22.99,25.65,25.65,22.61,,-11.34%
2020/9/1,22.86,23.37,23.73,22.74,,-0.57%
2020/9/2,22.12,23.53,23.53,22.12,,-3.24%
2020/9/3,22.45,22.95,22.95,22.1,,1.49%
2020/9/4,25.13,25.41,25.67,23.94,,11.94%
2020/9/7,23.78,25.29,25.3,23.26,,-5.37%
2020/9/8,22.67,23.23,23.42,22.55,,-4.67%
2020/9/9,24.56,24.17,25.37,24,,8.34%
2020/9/10,21.99,22.89,22.89,21.89,,-10.46%
2020/9/11,20.64,22.89,22.89,20.64,,-6.14%
2020/9/14,20.43,21.27,21.27,20.34,,-1.02%
2020/9/15,20.66,20.91,21.24,20.61,,1.13%
2020/9/16,20.84,20.7,20.91,20.3,,0.87%
2020/9/17,21.82,21.14,21.86,20.74,,4.70%
2020/9/18,21.12,21.6,21.6,21.04,,-3.21%
2020/9/23,22.64,23.11,23.19,22.43,,7.20%
2020/9/24,24.38,23.63,24.7,23.43,,7.69%
2020/9/25,24.03,23.78,24.04,23.44,,-1.44%
2020/9/28,23.72,24.53,24.53,23.66,,-1.29%
2020/9/29,22.74,23.29,23.46,22.39,,-4.13%
2020/9/30,23.7,23.22,23.87,22.54,,4.22%
2020/10/1,23.15,23.26,23.54,22.78,,-2.32%
2020/10/2,25.96,23.18,26.62,23.11,,12.14%
2020/10/5,23.54,23.74,23.81,22.58,,-9.32%
2020/10/6,21.61,22.61,22.95,21.61,,-8.20%
2020/10/7,21.13,22.7,22.7,20.89,,-2.22%
2020/10/8,20.49,20.66,20.92,19.94,,-3.03%
2020/10/9,19.71,20.69,20.7,19.44,,-3.81%
2020/10/12,19,19.17,19.61,18.98,,-3.60%
2020/10/13,18.79,18.47,19.35,18.45,,-1.11%
2020/10/14,19.29,19.21,19.57,19.11,,2.66%
2020/10/15,19.8,19.92,19.93,19.47,,2.64%
2020/10/16,21.33,20.67,21.64,20.14,,7.73%
2020/10/19,20.83,21.19,21.28,20.77,,-2.34%
2020/10/20,21.9,21.84,22.11,21.01,,5.14%
2020/10/21,22.03,21.74,22.28,21.51,,0.59%
2020/10/22,23.58,22.92,24.15,22.78,,7.04%
2020/10/23,22.86,22.94,22.86,22.52,,-3.05%
2020/10/26,23.19,23.2,23.24,22.71,,1.44%
2020/10/27,23.56,24.72,26.13,23.44,,1.60%
2020/10/28,24.2,24.42,24.6,24.06,,2.72%
2020/10/29,26.82,28.54,28.54,25.69,,10.83%
2020/10/30,30.45,27.46,30.94,27.02,,13.53%
2020/11/2,28.19,29.46,29.47,27.47,,-7.42%
2020/11/4,24.73,27.74,27.94,24.61,,-12.27%
2020/11/5,21.26,22.23,22.66,20.98,,-14.03%
2020/11/6,21.59,21.98,21.98,21.11,,1.55%
2020/11/9,21.4,21.16,22.07,21.01,,-0.88%
2020/11/10,22.91,22.93,23.75,22.43,,7.06%
2020/11/11,21.87,22.85,22.98,21.87,,-4.54%
2020/11/12,22.09,21.5,22.53,21.5,,1.01%
2020/11/13,22.54,22.29,23.3,21.77,,2.04%
2020/11/16,22.66,21.83,22.86,21.52,,0.53%
2020/11/17,22.54,22.69,22.99,22.18,,-0.53%
2020/11/18,22.24,22.35,22.62,21.36,,-1.33%
2020/11/19,21.65,21.44,22.25,21.2,,-2.65%
2020/11/20,21.7,21.98,22.44,21.7,,0.23%
2020/11/24,21.38,21.66,21.67,20.69,,-1.47%
2020/11/25,22.84,21.69,23.56,21.6,,6.83%
2020/11/26,21.44,22.19,22.19,21.37,,-6.13%
2020/11/27,21.58,21.87,21.87,20.99,,0.65%
2020/11/30,22.38,21.8,22.75,21.69,,3.71%
2020/12/1,22.13,22.01,22.34,21.66,,-1.12%
2020/12/2,21.52,21.51,22.01,21.42,,-2.76%
2020/12/3,21.15,21.35,21.36,21,,-1.72%
2020/12/4,19.97,20.99,21.04,19.95,,-5.58%
2020/12/7,20.43,21.32,21.36,20.12,,2.30%
2020/12/8,19.91,21.28,21.28,19.81,,-2.55%
2020/12/9,19.48,19.91,19.91,19.26,,-2.16%
2020/12/10,19.74,19.91,19.98,19.59,,1.33%
2020/12/11,18.88,19.88,19.91,18.88,,-4.36%
2020/12/14,19.53,20.36,20.36,19.27,,3.44%
2020/12/15,19.45,19.45,19.78,19.4,,-0.41%
2020/12/16,18.97,19.06,19.12,18.84,,-2.47%
2020/12/17,18.4,18.61,18.7,18.28,,-3.00%
2020/12/18,18.32,18.35,18.56,18.07,,-0.43%
2020/12/21,19.4,18.94,20.03,18.88,,5.90%
2020/12/22,22.24,21.22,22.72,20.43,,14.64%
2020/12/23,20.87,20.64,21.33,20.57,,-6.16%
2020/12/24,19.63,20.26,20.35,19.63,,-5.94%
2020/12/25,19.18,19.3,19.64,19.14,,-2.29%
2020/12/28,19.4,19.72,19.88,19.37,,1.15%
2020/12/29,19.54,19.11,19.78,19.04,,0.72%
2020/12/30,19.87,19.78,20.29,19.78,,1.69%
2021/1/4,21.23,23.78,24.65,20.32,,6.84%
2021/1/5,22.06,25.87,25.95,21.54,,3.91%
2021/1/6,21.72,22.09,22.51,21.06,,-1.54%
2021/1/7,20.58,21.91,21.91,19.88,,-5.25%
2021/1/8,20.7,20.04,21.31,19.9,,0.58%
2021/1/12,21.48,21.9,22.21,21.43,,3.77%
2021/1/13,20.87,21.81,21.81,20.37,,-2.84%
2021/1/14,21.93,20.92,22.95,20.68,,5.08%
2021/1/15,23.04,21.8,23.45,21.76,,5.06%
2021/1/18,24.29,24.29,24.95,23.95,,5.43%
2021/1/19,23.11,23.48,23.56,22.87,,-4.86%
2021/1/20,23.71,23.2,24.29,23.06,,2.60%
2021/1/21,21.56,23.06,23.06,21.52,,-9.07%
2021/1/22,21.2,21.68,21.71,20.96,,-1.67%
2021/1/25,20.9,21.79,21.81,20.85,,-1.42%
2021/1/26,22.82,21.39,22.96,21.18,,9.19%
2021/1/27,22.31,22.04,23.31,21.85,,-2.23%
2021/1/28,27.26,26.69,28.63,16.88,,22.19%
2021/1/29,28.63,25.49,29.56,24.7,,5.03%
2021/2/1,25.64,28.96,28.96,25.64,,-10.44%
2021/2/2,23.66,25.12,25.38,22.96,,-7.72%
2021/2/3,21.38,22.47,22.78,21.38,,-9.64%
2021/2/4,22.16,21.23,22.48,20.99,,3.65%
2021/2/5,20.79,24.21,24.31,20.23,,-6.18%
2021/2/8,21.34,22.44,22.55,21.34,,2.65%
2021/2/9,21.83,22.45,22.48,21.6,,2.30%
2021/2/10,22.3,22.28,22.72,21.55,,2.15%
2021/2/12,22.27,22.46,22.77,22.27,,-0.13%
2021/2/15,22.39,22.28,23.07,21.84,,0.54%
2021/2/16,24.11,23.27,24.79,22.82,,7.68%
2021/2/17,23.63,24.79,24.87,23.53,,-1.99%
2021/2/18,23.23,24.07,24.07,22.74,,-1.69%
2021/2/19,24.42,24.14,26.2,23.61,,5.12%
2021/2/22,24.95,23.88,25.09,23.33,,2.17%
2021/2/24,26.53,25.6,26.68,24.68,,6.33%
2021/2/25,23.74,24.71,24.71,23.45,,-10.52%
2021/2/26,28.3,25.68,29.99,25.68,,19.21%
2021/3/1,26.24,27.65,27.65,25.9,,-7.28%
2021/3/2,24.92,25.11,25.78,23.38,,-5.03%
2021/3/3,23.23,24.48,24.56,23.12,,-6.78%
2021/3/4,25.91,24.9,27.8,24.9,,11.54%
2021/3/5,26.61,26.42,29.34,26.09,,2.70%
2021/3/8,26.89,27.64,27.64,24.31,,1.05%
2021/3/9,25.19,26.83,27.1,25.19,,-6.32%
2021/3/10,24.91,24.32,25.25,24.32,,-1.11%
2021/3/11,23.59,23.63,24.04,23.31,,-5.30%
2021/3/12,22.01,22.23,23.34,22.01,,-6.70%
2021/3/15,22.42,22.5,22.56,21.78,,1.86%
2021/3/16,21.6,22.2,22.2,21.29,,-3.66%
2021/3/17,21.58,21.74,21.98,21.35,,-0.09%
2021/3/18,20.62,21.06,21.43,20.53,,-4.45%
2021/3/19,22.34,21.46,22.77,20.18,,8.34%
2021/3/22,24.39,22.81,24.64,22.81,,9.18%
2021/3/23,23.89,23.2,24.01,22.26,,-2.05%
2021/3/24,25.65,23.83,25.82,23.78,,7.37%
2021/3/25,22.65,24.38,24.53,22.65,,-11.70%
2021/3/26,21.43,22.36,22.65,21.43,,-5.39%
2021/3/29,23.12,21.95,23.38,21.55,,7.89%
2021/3/30,21.16,22.19,22.19,21.16,,-8.48%
2021/3/31,21.04,21.61,21.84,20.82,,-0.57%
2021/4/1,19.76,20.42,20.78,19.72,,-6.08%
2021/4/2,19.41,19.32,19.85,19.03,,-1.77%
2021/4/5,18.86,19.45,20.08,18.65,,-2.83%
2021/4/6,18.66,22.95,22.96,18.5,,-1.06%
2021/4/7,18.19,20.63,20.79,18.08,,-2.52%
2021/4/8,17.41,18.93,22.89,16.94,,-4.29%
2021/4/9,17.05,16.75,17.6,16.75,,-2.07%
2021/4/12,17.43,17.23,17.83,17.23,,2.23%
2021/4/13,16.52,17.25,17.25,16.29,,-5.22%
2021/4/14,16.82,16.76,17.14,16.62,,1.82%
2021/4/15,17.38,17.08,17.53,16.67,,3.33%
2021/4/16,17.57,17.54,17.75,17.31,,1.09%
2021/4/19,18.3,18.33,18.76,18.1,,4.15%
2021/4/20,20.02,19.63,20.91,19.63,,9.40%
2021/4/21,22.56,22.34,23.51,21.18,,12.69%
2021/4/22,19.48,21.16,21.16,19.32,,-13.65%
2021/4/23,20,20.26,21.12,19.85,,2.67%
2021/4/26,19.89,19.97,20.72,19.34,,-0.55%
2021/4/27,19.96,20.02,20.29,19.8,,0.35%
2021/4/28,19.61,20.11,20.31,19.39,,-1.75%
2021/4/30,19.83,20.29,20.86,19.8,,1.12%
2021/5/6,19.62,20.67,20.67,19.35,,-1.06%
2021/5/7,18.48,19.46,19.67,18.39,,-5.81%
2021/5/10,18.2,18.52,18.52,17.79,,-1.52%
2021/5/11,22.7,19.2,24.16,19.18,,24.73%
2021/5/12,26.27,23.27,28.4,22.39,,15.73%
2021/5/13,28.31,28.61,30.4,26.1,,7.77%
2021/5/14,24.09,27,27,23.71,,-14.91%
2021/5/17,26.2,23.28,27.3,23.1,,8.76%
2021/5/18,23.74,25.15,25.15,23.31,,-9.39%
2021/5/19,25.73,25.62,27.3,22.15,,8.38%
2021/5/20,24.75,25.92,25.95,24.07,,-3.81%
2021/5/21,23.05,24.3,24.3,23.01,,-6.87%
2021/5/24,23.25,23.58,23.82,22.81,,0.87%
2021/5/25,21.36,22.13,22.28,21.36,,-8.13%
2021/5/26,21.03,21.55,21.71,20.63,,-1.54%
2021/5/27,20.34,20.97,21.89,20.31,,-3.28%
2021/5/28,19.76,19.74,20.19,19.46,,-2.85%
2021/5/31,20,20.37,20.79,19.99,,1.21%
2021/6/1,20.48,19.98,20.86,19.49,,2.40%
2021/6/2,20.34,20.52,21.15,20.18,,-0.68%
2021/6/3,20.2,20.32,20.43,19.82,,-0.69%
2021/6/4,20.78,20.53,21.55,20.47,,2.87%
2021/6/7,20.15,21.63,21.63,19.87,,-3.03%
2021/6/8,19.76,20.88,20.88,19.74,,-1.94%
2021/6/9,19.73,20.1,20.36,19.46,,-0.15%
2021/6/10,19.87,19.92,20.02,19.09,,0.71%
2021/6/11,17.93,19.25,19.58,17.93,,-9.76%
2021/6/14,17.29,17.44,17.61,17.05,,-3.57%
2021/6/15,17.38,17.25,17.76,17.15,,0.52%
2021/6/16,18.1,17.56,18.3,17.54,,4.14%
2021/6/17,18.55,18.11,19.84,18.11,,2.49%
2021/6/18,18.4,18.2,18.43,17.67,,-0.81%
2021/6/21,23.98,22.11,25.89,22.09,,30.33%
2021/6/22,20.14,20.86,21.2,19.22,,-16.01%
2021/6/23,19.02,19.74,19.75,18.67,,-5.56%
2021/6/24,18.39,19.48,19.49,18.14,,-3.31%
2021/6/25,17.86,18.36,18.37,17.63,,-2.88%
2021/6/28,17.52,18.41,18.54,17.46,,-1.90%
2021/6/29,17.58,17.75,18.7,17.46,,0.34%
2021/6/30,17,16.99,17.25,16.61,,-3.30%
2021/7/1,17.37,17.3,17.64,16.82,,2.18%
2021/7/2,16.85,17.28,17.29,16.62,,-2.99%
2021/7/5,15.85,19.23,19.38,15.25,,-5.93%
2021/7/6,15.92,19.96,20.19,15.2,,0.44%
2021/7/7,17.26,18.07,18.78,16.95,,8.42%
2021/7/8,18.79,17.81,19.01,17.59,,8.86%
2021/7/9,18.75,20.94,25.87,18.75,,-0.21%
2021/7/12,17.63,18,18.47,17.26,,-5.97%
2021/7/13,17.1,16.61,17.1,15.99,,-3.01%
2021/7/14,17.87,17.31,17.96,17,,4.50%
2021/7/15,19.02,17.69,19.19,17.47,,6.44%
2021/7/16,19.63,20.09,20.82,18.05,,3.21%
2021/7/19,21.62,22.52,22.93,21.32,,10.14%
2021/7/20,22.22,23.52,23.52,21.04,,2.78%
2021/7/21,21.85,21.39,22.47,20.18,,-1.67%
2021/7/26,21.69,21.64,21.98,20.46,,-0.73%
2021/7/27,20.98,21,21.28,20.52,,-3.27%
2021/7/28,23.25,22.99,23.96,21.84,,10.82%
2021/7/29,21.12,21.96,22.16,21.1,,-9.16%
2021/7/30,22.93,21.4,23.59,21.4,,8.57%
2021/8/2,21.75,22.94,22.94,21.41,,-5.15%
2021/8/3,21.67,22.16,22.34,21.28,,-0.37%
2021/8/4,20.85,21.26,21.68,20.65,,-3.78%
2021/8/5,19.92,21.4,21.4,19.72,,-4.46%
2021/8/6,19.55,20.19,20.42,19.23,,-1.86%
2021/8/10,19.57,19.58,19.84,18.57,,0.10%
2021/8/11,19.57,18.61,19.72,18.44,,0.00%
2021/8/12,19.65,19.16,20.17,19.11,,0.41%
2021/8/13,18.5,19.21,19.54,18.5,,-5.85%
2021/8/16,20.18,19.35,21.1,19.27,,9.08%
2021/8/17,20.39,19.46,20.49,19.17,,1.04%
2021/8/18,18.96,20.17,20.53,18.87,,-7.01%
2021/8/19,20.84,19.86,20.86,19.27,,9.92%
2021/8/20,21.51,21.17,22.02,20.44,,3.21%
2021/8/23,19.56,21.24,21.25,19.28,,-9.07%
2021/8/24,18.78,18.95,19,18.43,,-3.99%
2021/8/25,18.86,18.6,19.21,18.45,,0.43%
2021/8/26,18.78,18.74,19.08,18.65,,-0.42%
2021/8/27,18.46,19.07,19.83,18.46,,-1.70%
2021/8/30,18.02,18.38,18.66,17.82,,-2.38%
2021/8/31,16.9,17.84,18.11,16.89,,-6.22%
2021/9/1,17.16,16.82,17.7,16.81,,1.54%
2021/9/2,18.22,17.6,18.42,17.51,,6.18%
2021/9/3,19.29,18.23,20.88,17.77,,5.87%
2021/9/6,20.4,20.14,21.56,20.09,,5.75%
2021/9/7,20.91,21.32,21.7,20.44,,2.50%
2021/9/8,21.2,21.61,21.97,21.12,,1.39%
2021/9/9,21.58,21.58,22.12,20.98,,1.79%
2021/9/10,20.81,21.56,21.89,20.68,,-3.57%
2021/9/13,20.86,21.55,21.66,20.62,,0.24%
2021/9/14,20.59,20.85,20.99,20.38,,-1.29%
2021/9/15,19.77,20.19,20.43,19.66,,-3.98%
2021/9/16,19.85,19.98,20.54,19.27,,0.40%
2021/9/17,20.08,20,20.39,19.68,,1.16%
2021/9/21,23.45,22.09,23.81,14.9,,16.78%
2021/9/22,24.14,24.05,25.15,18.96,,2.94%
2021/9/24,20.86,21.55,21.61,20.69,,-13.59%
2021/9/27,20.95,21.32,21.34,20.59,,0.43%
2021/9/28,21.12,21.25,21.67,20.88,,0.81%
2021/9/29,22.4,22.77,23.48,22.06,,6.06%
2021/9/30,21.4,22.4,22.83,21.4,,-4.46%
2021/10/1,23.94,22.38,24.74,21.79,,11.87%
2021/10/4,23.88,21.34,28.11,21.12,,-0.25%
2021/10/5,24.66,25.32,26.81,24.07,,3.27%
2021/10/6,25.72,23.59,27.69,22.36,,4.30%
2021/10/7,23.09,23.93,24.77,23.09,,-10.23%
2021/10/8,22.44,22.62,22.83,21.3,,-2.82%
2021/10/11,22.19,23.31,23.49,21.73,,-1.11%
2021/10/12,23.28,21.94,23.28,21.9,,4.91%
2021/10/13,22.7,22.88,23.09,22.2,,-2.49%
2021/10/14,21.36,21.56,21.71,20.91,,-5.90%
2021/10/15,20.23,20.96,21.15,20.15,,-5.29%
2021/10/18,20.96,20.71,21.09,20.69,,3.61%
2021/10/19,19.87,20.03,20.32,19.5,,-5.20%
2021/10/20,20.23,19.78,20.61,19.78,,1.81%
2021/10/21,21.84,20.57,22.2,19.95,,7.96%
2021/10/22,20.95,22.14,22.62,20.81,,-4.08%
2021/10/25,22.14,23,23.13,22.01,,5.68%
2021/10/26,20.98,20.96,21.6,20.6,,-5.24%
2021/10/27,21.04,20.95,21.71,20.79,,0.29%
2021/10/28,21.54,21.97,22.12,20.9,,2.38%
2021/10/29,21.88,21.32,23.48,21.21,,1.58%
2021/11/1,20.26,20.08,20.54,19.83,,-7.40%
2021/11/2,20.1,20.15,20.5,19.8,,-0.79%
2021/11/4,19.55,19.4,19.9,19.37,,-2.74%
2021/11/5,19.79,19.72,20.25,19.7,,1.23%
2021/11/8,19.71,20.3,20.63,19.55,,-0.40%
2021/11/9,20.18,19.15,20.55,18.98,,2.38%
2021/11/10,20.87,20.42,20.92,20.08,,3.42%
2021/11/11,20.38,21.17,21.19,20.13,,-2.35%
2021/11/12,19.35,19.62,20.17,19.34,,-5.05%
2021/11/15,19.11,19.23,19.35,19,,-1.24%
2021/11/16,18.8,18.97,19.08,18.53,,-1.62%
2021/11/17,18.66,18.42,19.08,18.42,,-0.74%
2021/11/18,18.92,18.83,19.19,18.67,,1.39%
2021/11/19,18.53,18.88,18.93,18.44,,-2.06%
2021/11/22,18.68,19.7,19.85,18.68,,0.81%
2021/11/24,19.54,18.99,20.45,18.9,,4.60%
2021/11/25,19.01,19.35,19.39,18.97,,-2.71%
2021/11/26,22.33,19.95,23.44,19.95,,17.46%
2021/11/29,27.33,27.89,28.59,24.36,,22.39%
2021/11/30,29.13,24.28,29.13,22.99,,6.59%
2021/12/1,24.94,25.93,26.9,24.91,,-14.38%
2021/12/2,26.21,26.66,26.82,25.82,,5.09%
2021/12/3,25,25.68,26.82,25,,-4.62%
2021/12/6,28.94,26.86,30.91,25.17,,15.76%
2021/12/7,26.78,23.84,26.78,22.23,,-7.46%
2021/12/8,21.03,20.87,22.04,20.81,,-21.47%
2021/12/9,20.8,20.52,20.86,19.62,,-1.09%
2021/12/10,20.76,21.48,21.51,20.18,,-0.19%
2021/12/13,19.78,19.72,20.16,19.4,,-4.72%
2021/12/14,20.58,20.23,21.37,19.71,,4.04%
2021/12/15,20.24,20.9,20.97,20.22,,-1.65%
2021/12/16,18.08,18.58,19.01,17.78,,-10.67%
2021/12/17,20.09,19.16,20.64,18.46,,11.12%
2021/12/20,24.56,22.3,24.85,21.89,,22.25%
2021/12/21,21.41,21.93,23.2,21.24,,-12.83%
2021/12/22,21.01,20.96,21.39,20.74,,-1.87%
2021/12/23,19.27,19.75,20.07,19.24,,-8.28%
2021/12/24,18.79,19.02,19.02,18.59,,-2.49%
2021/12/27,19.64,19.64,20.22,19.56,,4.52%
2021/12/28,19.03,19.23,19.43,18.77,,-3.11%
2021/12/29,19,18.92,19.72,18.68,,-0.16%
2021/12/30,19.21,19.05,19.89,18.66,,1.11%
2022/1/4,18.63,19.5,19.76,18.57,,-3.02%
2022/1/5,18.3,18.92,19.04,18.01,,-1.77%
2022/1/6,21,19.38,21.24,18.84,,14.75%
2022/1/7,20.13,19.71,21.87,19.3,,-4.14%
2022/1/11,21.3,21.16,21.8,20.63,,5.81%
2022/1/12,19.43,20.04,20.04,19.39,,-8.78%
2022/1/13,19.7,19.34,20.03,19.32,,1.39%
2022/1/14,21.9,21.2,23.23,21.2,,11.17%
2022/1/17,21.26,21.57,21.97,21.13,,-2.92%
2022/1/18,21.74,20.63,22.93,19.92,,2.26%
2022/1/19,24.87,23.83,26.44,23.28,,14.40%
2022/1/20,23.58,25.31,26.44,23.41,,-5.19%
2022/1/21,25.93,26.04,27.56,25.93,,9.97%
2022/1/24,25.74,27.87,27.94,25.74,,-0.73%
2022/1/25,28.53,27.23,29.43,27.11,,10.84%
2022/1/26,27.58,28.5,28.9,27.44,,-3.33%
2022/1/27,30.65,26.08,31.97,25.96,,11.13%
2022/1/28,27.06,28.81,29.78,26.79,,-11.71%
2022/1/31,25.22,27.26,27.9,25.21,,-6.80%
2022/2/1,24.44,23.82,24.45,23.17,,-3.09%
2022/2/2,21.82,22.57,22.59,21.74,,-10.72%
2022/2/3,22.61,23.03,23.11,22.11,,3.62%
2022/2/4,23.08,24.23,24.28,22.49,,2.08%
2022/2/7,24.2,23.97,24.98,23.82,,4.85%
2022/2/8,23.35,23.29,23.36,22.73,,-3.51%
2022/2/9,21.91,22.28,22.33,21.41,,-6.17%
2022/2/10,21.97,21.16,22.37,20.84,,0.27%
2022/2/14,26.63,25.86,27.09,25.27,,21.21%
2022/2/15,28.14,26.56,29.79,26.49,,5.67%
2022/2/16,24.36,25.34,25.77,24.32,,-13.43%
2022/2/17,26.11,24.83,26.38,23.5,,7.18%
2022/2/18,25.35,27.31,27.75,25.18,,-2.91%
2022/2/21,26.02,27.68,28.06,25.79,,2.64%
2022/2/22,27.59,27.7,28.69,27.2,,6.03%
2022/2/24,29.09,27.9,30.88,27.37,,5.44%
2022/2/25,25.56,26.62,26.79,25.4,,-12.13%
2022/2/28,26.53,26.89,27.73,26.24,,3.79%
2022/3/1,25.55,25.45,25.72,25.07,,-3.69%
2022/3/2,27.32,27.24,27.82,26.79,,6.93%
2022/3/3,25.71,25.91,26.36,25.71,,-5.89%
2022/3/4,27.99,25.97,29.21,25.88,,8.87%
2022/3/7,29.82,29.37,30.4,28.84,,6.54%
2022/3/8,29.29,29.04,29.4,28.68,,-1.78%
2022/3/9,29.7,29.18,29.76,28.71,,1.40%
2022/3/10,28.67,28.67,29.03,28.23,,-3.47%
2022/3/11,28.6,28.44,29.28,28.12,,-0.24%
2022/3/14,28.98,28.76,29.06,28.35,,1.33%
2022/3/15,28.48,28.9,28.9,28.25,,-1.73%
2022/3/16,27.05,27.72,27.93,26.83,,-5.02%
2022/3/17,26.57,25.7,26.76,25.57,,-1.77%
2022/3/18,25.29,26.49,26.5,25.29,,-4.82%
2022/3/22,24.4,24.69,25.04,24.4,,-3.52%
2022/3/23,24.36,23.46,24.61,22.96,,-0.16%
2022/3/24,24.32,24.71,24.82,24.11,,-0.16%
2022/3/25,24.57,24.5,25.14,24.37,,1.03%
2022/3/28,25.03,24.82,25.39,24.7,,1.87%
2022/3/29,23.22,23.87,24.16,22.92,,-7.23%
2022/3/30,22.37,22.24,23.34,22.12,,-3.66%
2022/3/31,21.98,22.69,22.74,21.71,,-1.74%
2022/4/1,21.27,22.3,22.83,21.1,,-3.23%
2022/4/4,18.72,20.69,20.86,18.72,,-11.99%
2022/4/5,18.37,18.65,19.25,18.37,,-1.87%
2022/4/6,19.97,19.7,20.59,19.5,,8.71%
2022/4/7,22.47,22.58,23.08,22.22,,12.52%
2022/4/8,20.74,21.52,21.96,20.74,,-7.70%
2022/4/11,21.33,21.73,22.21,21.04,,2.84%
2022/4/12,22.86,22.09,23.23,21.64,,7.17%
2022/4/13,20.85,22.09,22.12,20.83,,-8.79%
2022/4/14,19.97,20.73,20.74,19.76,,-4.22%
2022/4/15,20.81,20.96,21.3,20.39,,4.21%
2022/4/18,22.72,22.57,23.73,22.57,,9.18%
2022/4/19,21.72,21.86,22.55,21.63,,-4.40%
2022/4/20,21.64,21.6,22.18,21.28,,-0.37%
2022/4/21,21.47,21.52,21.52,21.01,,-0.79%
2022/4/22,22.77,22.72,23.68,22.58,,6.05%
2022/4/25,27.4,27.4,27.91,26.25,,20.33%
2022/4/26,25.6,26.15,26.58,25.06,,-6.57%
2022/4/27,26.61,28.08,28.24,26.52,,3.95%
2022/4/28,25.07,26.87,26.99,24.72,,-5.79%
2022/5/2,27.83,27.93,28.62,27.39,,11.01%
2022/5/6,27.73,28.64,29.32,27.73,,-0.36%
2022/5/9,30.36,29.77,31.26,29.61,,9.48%
2022/5/10,29.71,31.03,33.18,29.68,,-2.14%
2022/5/11,28.59,30.24,30.31,28.57,,-3.77%
2022/5/12,29.5,29.18,29.76,28.32,,3.18%
2022/5/13,26.75,28.24,28.3,26.44,,-9.32%
2022/5/16,26.4,25.33,26.46,25.25,,-1.31%
2022/5/17,24.19,25.09,25.33,24.1,,-8.37%
2022/5/18,23.1,23.84,23.85,22.96,,-4.51%
2022/5/19,25.1,26.5,26.52,24.98,,8.66%
2022/5/20,23.68,24.61,24.64,23.5,,-5.66%
2022/5/23,23.9,23.96,24.2,23.65,,0.93%
2022/5/24,24.3,23.92,24.45,23.66,,1.67%
2022/5/25,23.5,24.01,24.37,23.25,,-3.29%
2022/5/26,23.01,23.31,23.31,22.51,,-2.09%
2022/5/27,21.45,21.88,22.25,21.45,,-6.78%
2022/5/30,19.93,21.21,21.33,19.93,,-7.09%
2022/5/31,19.81,20.04,20.14,19.42,,-0.60%
2022/6/1,19.56,19.62,19.65,19.25,,-1.26%
2022/6/2,19.75,19.67,20.08,19.4,,0.97%
2022/6/3,19.01,19.15,19.53,18.98,,-3.75%
2022/6/6,19.35,19.77,19.77,18.81,,1.79%
2022/6/7,19.41,19.55,19.84,19.22,,0.31%
2022/6/8,19.44,19.38,19.46,19.04,,0.15%
2022/6/9,20.22,19.43,20.42,19.24,,4.01%
2022/6/10,21.27,20.94,21.73,20.87,,5.19%
2022/6/13,25.79,23.99,25.87,23.64,,21.25%
2022/6/14,26.04,26.98,27.68,26.03,,0.97%
2022/6/15,26.31,25.69,26.6,25.48,,1.04%
2022/6/16,25.34,24.17,25.75,23.75,,-3.69%
2022/6/17,27.31,29.15,29.66,26.24,,7.77%
2022/6/20,26.2,25.89,27.88,25.86,,-4.06%
2022/6/21,24,25.1,25.34,23.98,,-8.40%
2022/6/22,24.21,23.77,24.41,23.77,,0.87%
2022/6/23,24.46,24.04,24.98,23.56,,1.03%
2022/6/24,23.08,24.19,24.33,23.08,,-5.64%
2022/6/27,22.73,23.32,23.47,22.54,,-1.52%
2022/6/28,21.75,22.46,22.46,21.7,,-4.31%
2022/6/29,22.66,22.65,22.83,22.37,,4.18%
2022/6/30,23.43,22.76,23.58,22.48,,3.40%
2022/7/1,24.41,23.23,24.66,22.81,,4.18%
2022/7/4,22.99,24.2,24.32,22.99,,-5.82%
2022/7/5,22.46,22.63,22.96,22.09,,-2.31%
2022/7/6,23.97,23.36,24.09,23.08,,6.72%
2022/7/7,22.43,23.18,23.65,22.43,,-6.42%
2022/7/8,22.41,22.03,23.82,21.45,,-0.09%
2022/7/11,22.64,21.96,22.75,21.6,,1.03%
2022/7/12,23.12,22.22,23.57,22.22,,2.12%
2022/7/13,22.54,23.03,23.12,22.49,,-2.51%
2022/7/14,21.78,22.72,22.8,21.45,,-3.37%
2022/7/15,21.67,21.72,22.25,21.38,,-0.51%
2022/7/19,21.76,21.57,22.17,21.35,,0.42%
2022/7/20,21.12,21,21.58,20.85,,-2.94%
2022/7/21,20.52,21.4,21.4,20.38,,-2.84%
2022/7/22,20.08,20.52,20.62,19.93,,-2.14%
2022/7/25,20.82,20.88,21.16,20.61,,3.69%
2022/7/26,20.39,20.61,20.83,20.13,,-2.07%
2022/7/27,20.26,20.66,20.74,20,,-0.64%
2022/7/28,19.48,19.52,20.19,19.42,,-3.85%
2022/7/29,18.93,19.17,19.44,18.56,,-2.82%
2022/8/1,18.96,19.61,19.76,18.9,,0.16%
2022/8/2,20.6,19.75,21.39,19.75,,8.65%
2022/8/3,20.15,20.29,20.59,19.99,,-2.18%
2022/8/4,19.25,19.36,19.61,19.16,,-4.47%
2022/8/5,20.35,18.95,20.35,17.87,,5.71%
2022/8/8,18.31,19,19,18.17,,-10.02%
2022/8/9,19.11,18.62,19.28,18.39,,4.37%
2022/8/10,20.18,19.42,20.23,19.4,,5.60%
2022/8/12,18.39,18.8,19.05,18.3,,-8.87%
2022/8/15,19.06,19.02,19.24,18.77,,3.64%
2022/8/16,18.27,18.99,19.07,18.26,,-4.14%
2022/8/17,18.58,18.23,18.89,17.92,,1.70%
2022/8/18,18.71,19.12,19.56,18.63,,0.70%
2022/8/19,18.11,18.6,18.65,17.91,,-3.21%
2022/8/22,19.21,19.9,20.01,18.87,,6.07%
2022/8/23,20.06,19.82,20.39,19.67,,4.42%
2022/8/24,19.97,20.01,20.35,19.8,,-0.45%
2022/8/25,19.06,19.33,19.44,18.92,,-4.56%
2022/8/26,18.72,18.65,18.87,18.54,,-1.78%
2022/8/29,21.42,21.77,22.4,21.31,,14.42%
2022/8/30,20.08,20.69,20.93,20,,-6.26%
2022/8/31,19.91,21.02,21.11,19.91,,-0.85%
2022/9/1,21.42,20.87,21.62,20.67,,7.58%
2022/9/2,20.9,20.99,21.59,20.9,,-2.43%
2022/9/5,23.18,20.76,23.88,19.75,,10.91%
2022/9/6,19.72,19.8,20.5,19.18,,-14.93%
2022/9/7,20.9,19.84,21.51,19.84,,5.98%
2022/9/8,20.06,19.76,20.24,19.3,,-4.02%
2022/9/9,19.49,19.53,19.92,19.25,,-2.84%
2022/9/12,19.15,19.16,19.41,18.89,,-1.74%
2022/9/13,18.3,18.91,18.91,18.23,,-4.44%
2022/9/14,20.69,20.52,20.93,19.79,,13.06%
2022/9/15,20.18,20.22,20.3,19.86,,-2.46%
2022/9/16,21.02,21.29,21.35,20.87,,4.16%
2022/9/20,21.25,21.09,21.51,20.89,,1.09%
2022/9/21,22.57,22.15,23,21.85,,6.21%
2022/9/22,21.61,22.87,22.97,21.51,,-4.25%
2022/9/26,25.13,24.1,25.13,23.7,,16.29%
2022/9/27,24.48,24.53,24.75,24.3,,-2.59%
2022/9/28,26.33,24.98,27.28,24.77,,7.56%
2022/9/29,25.03,24.43,25.05,24.22,,-4.94%
2022/9/30,26.33,25.79,27.59,25.71,,5.19%
2022/10/3,26.22,27.66,28.13,26.19,,-0.42%
2022/10/4,24.52,24.49,24.68,23.88,,-6.48%
2022/10/5,23.46,23.84,24.11,23.33,,-4.32%
2022/10/6,22.88,23.08,23.13,22.4,,-2.47%
2022/10/7,23.33,24.19,24.34,22.92,,1.97%
2022/10/11,25.97,25.09,26.47,25.09,,11.32%
2022/10/12,26.12,26.23,26.55,26.04,,0.58%
2022/10/13,26.59,26.21,26.74,26.2,,1.80%
2022/10/14,24.72,25.21,25.21,24.38,,-7.03%
2022/10/17,25.02,25.6,25.79,24.93,,1.21%
2022/10/18,23.39,23.69,24.3,23.39,,-6.51%
2022/10/19,22.79,22.98,23.08,22.55,,-2.57%
2022/10/20,23.99,23.4,24.41,23.36,,5.27%
2022/10/21,24.06,23.82,24.34,23.77,,0.29%
2022/10/24,25.03,24.43,25.12,24.13,,4.03%
2022/10/25,23.87,24.59,24.67,23.83,,-4.63%
2022/10/26,23.44,23.58,23.7,23.15,,-1.80%
2022/10/27,23.23,22.97,23.31,22.79,,-0.90%
2022/10/28,23.7,23.89,23.94,22.65,,2.02%
2022/10/31,22.95,23.19,23.37,22.85,,-3.16%
2022/11/1,22.04,22.55,22.73,21.91,,-3.97%
2022/11/2,21.88,21.95,22.15,21.44,,-0.73%
2022/11/4,21.57,21.46,22.01,21.41,,-1.42%
2022/11/7,21.08,21.26,21.36,20.66,,-2.27%
2022/11/8,20.54,20.4,20.55,19.98,,-2.56%
2022/11/9,20.87,20.77,21.1,20.69,,1.61%
2022/11/10,21.71,21.27,21.91,20.86,,4.02%
2022/11/11,20.31,19.83,20.46,19.57,,-6.45%
2022/11/14,19.87,19.9,19.98,19.65,,-2.17%
2022/11/15,18.87,19.62,19.71,18.85,,-5.03%
2022/11/16,19.16,19.53,20.38,19.05,,1.54%
2022/11/17,18.5,18.91,18.91,18.31,,-3.44%
2022/11/18,18.2,18.55,18.6,18.06,,-1.62%
2022/11/21,17.57,18.02,18.26,17.56,,-3.46%
2022/11/22,17.15,17.15,17.41,17.02,,-2.39%
2022/11/24,17.51,17.04,17.51,16.97,,2.10%
2022/11/25,17.49,17.55,17.78,17.43,,-0.11%
2022/11/28,18.53,18.41,18.97,18.38,,5.95%
2022/11/29,18.71,18.91,19.1,18.52,,0.97%
2022/11/30,18.93,18.88,19.19,18.8,,1.18%
2022/12/1,18.84,18.84,19.09,18.59,,-0.48%
2022/12/2,19.89,19,20.36,19,,5.57%
2022/12/5,18.39,19.31,21.46,18.29,,-7.54%
2022/12/6,22.43,18.84,22.43,17.54,,21.97%
2022/12/7,18.66,18.6,18.78,18.31,,-16.81%
2022/12/8,18.87,18.72,19.44,18.69,,1.13%
2022/12/9,18.04,18.63,18.63,17.73,,-4.40%
2022/12/12,18.78,19.01,19.01,18.63,,4.10%
2022/12/13,18.95,18.76,19.24,18.59,,0.91%
2022/12/14,17.11,17.89,17.89,16.86,,-9.71%
2022/12/15,16.31,16.63,16.65,15.99,,-4.68%
2022/12/16,17.76,17.78,18.07,17.38,,8.89%
2022/12/19,18.87,19.3,19.63,18.87,,6.25%
2022/12/20,21.4,18.7,23.83,16.39,,13.41%
2022/12/21,20.74,21.05,21.75,20.52,,-3.08%
2022/12/22,19.56,19.62,20.03,19.49,,-5.69%
2022/12/23,20.2,20.51,20.56,19.85,,3.27%
2022/12/26,19.35,20.07,20.07,19.35,,-4.21%
2022/12/27,19.58,19.11,19.68,19.04,,1.19%
2022/12/28,19.51,19.67,19.82,19.4,,-0.36%
2022/12/29,20.06,19.93,20.17,19.67,,2.82%
2022/12/30,19.92,19.52,20,19.38,,-0.70%
2023/1/4,20.19,20.16,20.48,20.01,,1.36%
2023/1/5,18.93,19.3,19.39,18.78,,-6.24%
2023/1/6,18.21,18.47,18.49,17.92,,-3.80%
2023/1/10,18.28,18.37,18.64,18.13,,0.38%
2023/1/11,17.95,17.83,18.02,17.33,,-1.81%
2023/1/12,18.8,18.21,18.92,18,,4.74%
2023/1/13,18.58,18.08,18.8,17.41,,-1.17%
2023/1/16,19.77,19.31,19.95,19.14,,6.40%
2023/1/17,19.15,19.61,19.69,18.88,,-3.14%
2023/1/18,17.54,19.91,21.42,17.39,,-8.41%
2023/1/19,17.91,17.73,18.18,17.5,,2.11%
2023/1/20,17.37,18.05,18.08,17.35,,-3.02%
2023/1/23,17.53,17.27,17.62,17.27,,0.92%
2023/1/24,17.69,17.6,18.01,17.51,,0.91%
2023/1/25,17.51,17.6,17.63,17.33,,-1.02%
2023/1/26,17.29,17.59,17.73,17.19,,-1.26%
2023/1/27,17,17.37,17.41,16.95,,-1.68%
2023/1/30,16.97,17.54,17.56,16.85,,-0.18%
2023/1/31,17.14,17.23,17.27,16.76,,1.00%
2023/2/1,17.55,16.96,17.78,16.94,,2.39%
2023/2/2,16.46,16.56,16.85,16.3,,-6.21%
2023/2/3,16.29,16.37,16.55,16.09,,-1.03%
2023/2/6,16.58,16.48,16.73,16.1,,1.78%
2023/2/7,16.56,16.51,16.6,16.2,,-0.12%
2023/2/8,15.92,16.29,16.47,15.78,,-3.86%
2023/2/9,16.04,16.45,16.62,15.9,,0.75%
2023/2/10,16.22,16.14,16.63,15.9,,1.12%
2023/2/13,16.51,17.09,17.39,16.51,,1.79%
2023/2/14,16.01,16.16,16.31,15.76,,-3.03%
2023/2/15,15.14,15.25,15.55,15.08,,-5.43%
2023/2/16,14.71,14.88,15.11,14.63,,-2.84%
2023/2/17,15.4,15.42,15.44,14.86,,4.69%
2023/2/20,15.67,15.87,15.97,15.57,,1.75%
2023/2/21,16.32,16,16.51,15.82,,4.15%
2023/2/22,17.5,17,18.11,16.87,,7.23%
2023/2/24,16.59,17.33,17.4,16.32,,-5.20%
2023/2/27,16.74,17.3,17.35,16.69,,0.90%
2023/2/28,16.4,16.34,16.55,16.18,,-2.03%
2023/3/1,15.78,16.19,16.22,15.77,,-3.78%
2023/3/2,15.89,15.81,16.24,15.62,,0.70%
2023/3/3,16.19,15.85,16.42,15.61,,1.89%
2023/3/6,16.6,15.86,16.67,15.76,,2.53%
2023/3/7,16.53,16.42,16.76,16.22,,-0.42%
2023/3/8,17.32,16.93,17.32,16.8,,4.78%
2023/3/9,17.94,17.81,18.17,17.64,,3.58%
2023/3/10,17.89,18.38,19.22,16.77,,-0.28%
2023/3/13,18.61,18.18,19.6,18.18,,4.02%
2023/3/14,21.52,21.47,22.15,20.98,,15.64%
2023/3/15,19.42,19.55,20.21,19.09,,-9.76%
2023/3/16,21.57,23.1,23.29,21.4,,11.07%
2023/3/17,19.45,20.08,20.3,19.23,,-9.83%
2023/3/20,22.8,21.17,22.82,20.33,,17.22%
2023/3/22,20.48,20.42,20.87,20.16,,-10.18%
2023/3/23,19.61,20.46,20.49,19.33,,-4.25%
2023/3/24,19.08,19.43,20.08,19.08,,-2.70%
2023/3/27,19.01,19.63,19.87,19.01,,-0.37%
2023/3/28,18.08,18.35,18.56,18.08,,-4.89%
2023/3/29,17.38,17.83,17.87,17.04,,-3.87%
2023/3/30,16.79,17.08,17.42,16.79,,-3.39%
2023/3/31,16.66,16.74,16.89,16.4,,-0.77%
2023/4/3,17.08,17.08,17.3,16.88,,2.52%
2023/4/4,16.55,16.75,16.86,16.44,,-3.10%
2023/4/5,17.62,16.8,17.91,16.68,,6.47%
2023/4/6,17.72,17.68,18.35,17.46,,0.57%
2023/4/7,17.3,17.5,17.62,17.16,,-2.37%
2023/4/10,17.14,17.18,17.32,16.85,,-0.92%
2023/4/11,16.9,16.68,16.98,16.24,,-1.40%
2023/4/12,16.77,16.92,16.95,16.68,,-0.77%
2023/4/13,16.49,17.01,17.01,16.36,,-1.67%
2023/4/14,16.6,16.74,16.79,16.41,,0.67%
2023/4/17,16.36,16.89,16.99,16.3,,-1.45%
2023/4/18,16.1,16.19,16.19,15.9,,-1.59%
2023/4/19,16.04,16.15,16.25,15.97,,-0.37%
2023/4/20,16.19,16.35,16.41,15.83,,0.94%
2023/4/21,16.1,16.32,16.32,15.95,,-0.56%
2023/4/24,16.32,16.55,16.66,16.19,,1.37%
2023/4/25,16.27,15.9,16.3,15.84,,-0.31%
2023/4/26,16.82,16.95,17.13,16.55,,3.38%
2023/4/27,16.42,16.99,17.1,16.38,,-2.38%
2023/4/28,15.22,16.27,16.79,15.11,,-7.31%
2023/5/1,15.62,15.56,15.78,15.2,,2.63%
2023/5/2,15.81,15.84,16.02,15.62,,1.22%
2023/5/8,16.2,16.09,16.35,15.94,,2.47%
2023/5/9,15.77,15.85,15.85,15.41,,-2.65%
2023/5/10,16.09,15.82,16.22,15.82,,2.03%
2023/5/11,15.62,15.61,15.82,15.28,,-2.92%
2023/5/12,15.78,15.52,16.13,15.37,,1.02%
2023/5/15,16.09,16.22,16.29,15.89,,1.96%
2023/5/16,17.24,16.52,17.31,16.43,,7.15%
2023/5/17,17.78,17.26,17.98,17.26,,3.13%
2023/5/18,20.47,18.75,20.52,18.59,,15.13%
2023/5/19,20.07,22.42,22.48,20.05,,-1.95%
2023/5/22,18.98,19.66,19.76,18.61,,-5.43%
2023/5/23,19.71,19.62,19.9,18.74,,3.85%
2023/5/24,19,19.21,19.21,18.62,,-3.60%
2023/5/25,18.49,19,19.05,18.47,,-2.68%
2023/5/26,19.33,18.9,19.56,18.42,,4.54%
2023/5/29,20.21,21.69,21.72,20.21,,4.55%
2023/5/30,19.91,19.59,19.92,19.49,,-1.48%
2023/5/31,20,19.62,20.64,19.59,,0.45%
2023/6/1,19.63,19.74,20.02,19.53,,-1.85%
2023/6/2,20.06,19.84,20.18,19.7,,2.19%
2023/6/5,21.81,21.29,21.97,21.01,,8.72%
2023/6/6,21.15,21.35,22.03,21.03,,-3.03%
2023/6/7,21.98,21.73,22.38,20.91,,3.92%
2023/6/8,23.16,22.67,23.45,21.3,,5.37%
2023/6/9,21.59,22.24,23.11,21.34,,-6.78%
2023/6/12,20.55,21.3,21.44,20.53,,-4.82%
2023/6/13,21.41,20.16,21.59,20.08,,4.18%
2023/6/14,21.99,21.83,22.43,21.25,,2.71%
2023/6/15,22.32,21.61,23.08,21.49,,1.50%
2023/6/16,20.74,21.89,22.36,20.56,,-7.08%
2023/6/19,20.53,20.87,21.12,20.35,,-1.01%
2023/6/20,20.09,20.34,20.51,19.97,,-2.14%
2023/6/21,20.23,19.88,20.23,19.58,,0.70%
2023/6/22,20.24,19.89,20.67,19.53,,0.05%
2023/6/23,21.11,19.93,21.47,19.63,,4.30%
2023/6/26,20.98,21.36,22.22,20.76,,-0.62%
2023/6/27,20,20.72,20.72,19.96,,-4.67%
2023/6/28,20.19,19.92,20.3,19.7,,0.95%
2023/6/29,19.7,19.81,20.07,19.59,,-2.43%
2023/6/30,19.11,19.64,19.68,19.1,,-2.99%
2023/7/3,19.57,19.49,19.87,19.46,,2.41%
2023/7/4,19.27,19.23,19.35,18.98,,-1.53%
2023/7/5,18.8,19.14,19.54,18.79,,-2.44%
2023/7/6,19.21,19.49,19.72,18.86,,2.18%
2023/7/7,20.26,19.85,20.54,19.64,,5.47%
2023/7/10,21.13,20.55,21.57,20.2,,4.29%
2023/7/11,20.66,20.32,20.99,20.17,,-2.22%
2023/7/12,21.52,20.39,22.16,20.25,,4.16%
2023/7/13,20.23,20.44,20.94,20.06,,-5.99%
2023/7/14,20.49,20.02,21.12,19.73,,1.29%
2023/7/18,20.37,20.17,20.61,19.76,,-0.59%
2023/7/19,19.82,20.19,20.31,19.44,,-2.70%
2023/7/20,20.01,19.89,20.12,19.76,,0.96%
2023/7/21,19.81,19.91,20.32,19.71,,-1.00%
2023/7/24,19.86,20.24,20.31,19.7,,0.25%
2023/7/25,19.21,19.68,19.81,19.12,,-3.27%
2023/7/26,18.83,19.23,19.31,18.74,,-1.98%
2023/7/27,18.82,18.98,19.21,18.57,,-0.05%
2023/7/28,18.59,19.97,20.32,18.59,,-1.22%
2023/7/31,18.32,18.67,18.75,18.19,,-1.45%
2023/8/1,18.03,18.12,18.15,17.41,,-1.58%
2023/8/2,19.51,18.3,19.68,18.28,,8.21%
2023/8/3,20.66,20.5,20.87,20.01,,5.89%
2023/8/4,20.86,21.31,21.42,20.16,,0.97%
2023/8/7,20.37,21.4,21.7,20.34,,-2.35%
2023/8/8,20.13,20.01,20.47,19.63,,-1.18%
2023/8/9,20.03,20.11,20.41,19.67,,-0.50%
2023/8/10,19.23,20.03,20.1,19.2,,-3.99%
2023/8/14,19.7,18.8,20.3,18.48,,2.44%
2023/8/15,18.85,18.95,19.2,18.65,,-4.31%
2023/8/16,19.97,19.71,20.15,19.28,,5.94%
2023/8/17,19.56,19.74,20.57,19.42,,-2.05%
2023/8/18,19.52,20.31,20.45,19.21,,-0.20%
2023/8/21,19.94,19.71,20.06,19.39,,2.15%
2023/8/22,18.86,19.23,19.36,18.8,,-5.42%
2023/8/23,18.39,18.99,18.99,18.18,,-2.49%
2023/8/24,17.89,18.12,18.12,17.7,,-2.72%
2023/8/25,18.88,18.83,19.01,18.17,,5.53%
2023/8/28,18.39,18.46,18.61,18.12,,-2.60%
2023/8/29,18,17.82,18.05,17.71,,-2.12%
2023/8/30,17.74,17.67,17.96,17.55,,-1.44%
2023/8/31,16.89,17.31,17.32,16.74,,-4.79%
2023/9/1,16.86,16.94,16.98,16.55,,-0.18%
2023/9/4,17.14,16.87,17.28,16.69,,1.66%
2023/9/5,17.56,17.5,17.84,17.35,,2.45%
2023/9/6,17.14,18.08,18.1,16.73,,-2.39%
2023/9/7,17.89,18.09,18.46,17.31,,4.38%
2023/9/8,17.24,17.98,18.85,17.18,,-3.63%
2023/9/11,16.9,17.08,17.67,16.9,,-1.97%
2023/9/12,16.23,16.38,16.47,16.1,,-3.96%
2023/9/13,16.48,16.16,16.58,16.02,,1.54%
2023/9/14,16.07,16.05,16.3,15.78,,-2.49%
2023/9/15,15.99,15.93,16.57,15.8,,-0.50%
2023/9/19,16.92,16.8,17.09,16.76,,5.82%
2023/9/20,17.26,17.03,17.43,17.03,,2.01%
2023/9/21,18.25,17.72,18.44,17.26,,5.74%
2023/9/22,17.83,19.32,19.47,17.58,,-2.30%
2023/9/25,17.61,17.68,18.1,17.48,,-1.23%
2023/9/26,18.22,17.33,18.31,17.32,,3.46%
2023/9/27,18.12,18.95,19.07,18.04,,-0.55%
2023/9/28,18.81,18.13,19.49,17.99,,3.81%
2023/9/29,18.4,18.45,19.05,18.28,,-2.18%
2023/10/2,18.88,18.2,19.28,18.13,,2.61%
2023/10/3,20.3,19.62,20.5,19.6,,7.52%
2023/10/4,22.76,22.19,22.76,21.33,,12.12%
2023/10/5,20.84,21.15,21.44,20.68,,-8.44%
2023/10/6,20.47,20.59,21.08,20.32,,-1.78%
2023/10/10,21.09,20.88,21.46,20.54,,3.03%
2023/10/11,20.67,20.68,20.89,20.2,,-1.99%
2023/10/12,20.68,20.38,20.87,20.01,,0.05%
2023/10/13,20.97,20.5,21.23,20.3,,1.40%
2023/10/16,21.9,21.46,22.29,21.1,,4.43%
2023/10/17,21.15,20.97,21.38,20.82,,-3.42%
2023/10/18,21,21.09,21.57,20.87,,-0.71%
2023/10/19,22.47,22.4,22.62,21.93,,7.00%
2023/10/20,23.2,22.77,23.26,22.33,,3.25%
2023/10/23,23.52,23.42,23.87,23.3,,1.38%
2023/10/24,22.55,22.56,24.14,22.5,,-4.12%
2023/10/25,22.11,21.85,22.21,21.62,,-1.95%
2023/10/26,23.99,23.09,24.13,23.05,,8.50%
2023/10/27,22.59,23.06,23.11,22.18,,-5.84%
2023/10/30,23.71,23.82,24.02,23.44,,4.96%
2023/10/31,22.03,23.29,23.43,21.79,,-7.09%
2023/11/1,20.94,21.12,21.2,20.83,,-4.95%
2023/11/2,20.01,20.1,20.23,19.79,,-4.44%
2023/11/6,20.16,20.15,20.43,19.62,,0.75%
2023/11/7,19.94,19.83,20.08,19.61,,-1.09%
2023/11/8,20.03,19.51,20.24,19.33,,0.45%
2023/11/9,19.47,19.61,20.1,19.17,,-2.80%
2023/11/10,20,20.11,20.64,19.96,,2.72%
2023/11/13,19.54,18.78,19.83,18.76,,-2.30%
2023/11/14,18.71,18.28,19.07,18.22,,-4.25%
2023/11/15,18.57,18.37,18.57,18.11,,-0.75%
2023/11/16,18.75,18.35,19.08,18.09,,0.97%
2023/11/17,18.28,18.48,18.71,17.99,,-2.51%
2023/11/20,18.58,17.97,18.8,17.96,,1.64%
2023/11/21,17.87,17.34,18.41,17.17,,-3.82%
2023/11/22,17.37,17.24,17.64,17.06,,-2.80%
2023/11/24,16.87,17.31,17.32,16.76,,-2.88%
2023/11/27,17.36,16.28,17.44,16.12,,2.90%
2023/11/28,16.13,16.25,17.36,16.13,,-7.09%
2023/11/29,17.05,17.07,17.24,16.84,,5.70%
2023/11/30,16.57,16.12,17.01,16.12,,-2.82%
2023/12/1,16.28,16.35,16.72,16.16,,-1.75%
2023/12/4,17.06,16.79,17.53,16.79,,4.79%
2023/12/5,17.77,17.25,17.92,17.2,,4.16%
2023/12/6,18.22,17.98,18.32,16.34,,2.53%
2023/12/7,18.38,17.73,18.82,17.7,,0.88%
2023/12/8,19.72,18.77,20.11,18.4,,7.29%
2023/12/11,18.21,18.38,18.64,18.21,,-7.66%
2023/12/12,18.09,17.5,18.43,17.44,,-0.66%
2023/12/13,17.28,17.41,17.58,17.15,,-4.48%
2023/12/14,18.01,16.98,18.38,16.91,,4.22%
2023/12/15,17.34,17.69,17.71,17.12,,-3.72%
2023/12/18,18.51,18.27,18.9,18.27,,6.75%
2023/12/19,17.08,18.46,18.8,16.93,,-7.73%
2023/12/20,16.71,17.12,17.25,16.61,,-2.17%
2023/12/21,17.24,16.94,17.82,16.86,,3.17%
2023/12/22,16.81,16.48,16.93,16.48,,-2.49%
2023/12/25,17.1,17.2,17.54,16.91,,1.73%
2023/12/26,16.77,17.11,17.26,16.71,,-1.93%
2023/12/27,16.9,16.22,17.17,16.22,,0.78%
2023/12/28,17.1,16.91,17.1,16.76,,1.18%
2023/12/29,17.46,16.62,17.59,16.52,,2.11%
2024/1/4,18.69,18.79,19.19,18.44,,7.04%
2024/1/5,18.46,18.29,18.67,18.26,,-1.23%
2024/1/9,19.2,18.93,19.39,18.92,,4.01%
2024/1/10,19.62,19.28,19.67,19.19,,2.19%
2024/1/11,21.08,19.87,21.08,19.73,,7.44%
2024/1/12,22.4,21.07,22.67,21.06,,6.26%
2024/1/15,22.47,22.25,23.02,21.74,,0.31%
2024/1/16,21.2,21.54,21.94,20.97,,-5.65%
2024/1/17,20.66,20.61,21.63,20.4,,-2.55%
2024/1/18,20.45,20.38,20.82,20.23,,-1.02%
2024/1/19,20.67,21.29,21.29,20.62,,1.08%
2024/1/22,21.9,21.58,21.9,21.29,,5.95%
2024/1/23,21.06,20.96,21.74,20.54,,-3.84%
2024/1/24,19.72,19.41,19.92,19.09,,-6.36%
2024/1/25,19.33,18.82,19.7,18.69,,-1.98%
2024/1/26,19.64,18.25,19.75,18.13,,1.60%
2024/1/29,19.81,19.25,19.88,19.22,,0.87%
2024/1/30,18.84,19.25,19.41,18.74,,-4.90%
2024/1/31,18.96,18.71,19.07,18.22,,0.64%
2024/2/1,18.77,18,19.29,17.96,,-1.00%
2024/2/2,19.39,18.15,19.49,18,,3.30%
2024/2/5,19.97,19.46,20.45,19.44,,2.99%
2024/2/6,19.68,19.15,20.14,19.09,,-1.45%
2024/2/7,19.39,19.97,20.11,19.39,,-1.47%
2024/2/8,19.8,18.95,20.2,18.95,,2.11%
2024/2/9,19.25,20.12,20.24,19.18,,-2.78%
2024/2/13,19.48,19.54,20.37,19.28,,1.19%
2024/2/14,19.48,19.64,20.41,19.41,,0.00%
2024/2/15,19.58,19.53,20.52,19.4,,0.51%
2024/2/16,21.6,20.7,21.98,20.63,,10.32%
2024/2/19,19.88,21.39,21.57,19.37,,-7.96%
2024/2/20,19.45,19.19,20.63,19.01,,-2.16%
2024/2/21,20.55,19.46,20.78,19.3,,5.66%
2024/2/22,19.56,19.2,20.68,19.05,,-4.82%
2024/2/26,21.41,22.01,22.06,21.25,,9.46%
2024/2/27,20.4,19.31,20.76,18.78,,-4.72%
2024/2/28,19.22,18.54,19.7,18.36,,-5.78%
2024/2/29,19.23,19.23,19.49,19.01,,0.05%
2024/3/1,20.74,19.04,20.79,19.02,,7.85%
2024/3/4,20.98,20.51,21.41,20.45,,1.16%
2024/3/5,20.38,19.88,20.72,19.78,,-2.86%
2024/3/6,20.87,19.85,21.76,19.57,,2.40%
2024/3/7,21.65,21.05,22.33,20.71,,3.74%
2024/3/8,21.95,21.69,21.95,20.5,,1.39%
2024/3/11,21.96,21.81,22.44,21.37,,0.05%
2024/3/12,21.52,22.46,22.53,21.35,,-2.00%
2024/3/13,21.36,20.88,21.83,20.81,,-0.74%
2024/3/14,20.57,21.13,21.65,20.47,,-3.70%
2024/3/15,20.33,20.9,20.99,20.21,,-1.17%
2024/3/18,20.23,20.77,21.06,19.9,,-0.49%
2024/3/19,19.5,19.86,19.99,19.26,,-3.61%
2024/3/21,18.83,19.13,19.4,18.76,,-3.44%
2024/3/22,18.5,18.55,18.57,18.14,,-1.75%
2024/3/25,19.07,18.62,19.07,18.35,,3.08%
2024/3/26,18.72,18.72,18.89,18.54,,-1.84%
2024/3/27,19.28,18.36,19.31,18.27,,2.99%
2024/3/28,19.06,18.39,19.18,18.12,,-1.14%
2024/3/29,18.57,18.8,18.98,18.5,,-2.57%
2024/4/1,19.65,18.33,20.15,18.28,,5.82%
2024/4/2,19.15,19.45,19.57,18.97,,-2.54%
2024/4/3,20.12,19.75,20.37,19.44,,5.07%
2024/4/4,19.54,18.8,19.83,18.73,,-2.88%
2024/4/5,21.48,21.46,22.08,20.87,,9.93%
2024/4/8,21.24,21.31,21.56,20.6,,-1.12%
2024/4/9,20.12,20.05,20.22,19.95,,-5.27%
2024/4/10,20.47,20.48,20.72,20.35,,1.74%
2024/4/11,20.73,20.85,20.92,20.35,,1.27%
2024/4/12,19.97,20.05,20.37,19.92,,-3.67%
2024/4/15,20.8,21.37,21.45,20.69,,4.16%
2024/4/16,22.09,21.29,22.18,21.18,,6.20%
2024/4/17,22.77,20.78,22.97,20.63,,3.08%
2024/4/18,21.49,22.51,22.69,21.31,,-5.62%
2024/4/19,24.43,22.17,27.82,22.12,,13.68%
2024/4/22,21.68,23.24,23.53,21.52,,-11.26%
2024/4/23,20.72,20.67,21.03,20.29,,-4.43%
2024/4/24,20.01,19.87,20.26,19.57,,-3.43%
2024/4/25,21.46,20.56,21.75,20.23,,7.25%
2024/4/26,20.82,21.24,21.65,20.15,,-2.98%
2024/4/30,20.47,20.45,20.89,20.17,,-1.68%
2024/5/1,20.66,20.83,20.94,20.49,,0.93%
2024/5/2,19.91,20.49,20.53,19.8,,-3.63%
2024/5/7,19.2,19.4,19.78,19.19,,-3.57%
2024/5/8,20.75,19.21,20.75,19.14,,8.07%
2024/5/9,19.88,19.46,19.96,17.93,,-4.19%
2024/5/10,18.53,18.19,19.29,18.12,,-6.79%
2024/5/13,18.49,18.54,19.02,18.49,,-0.22%
2024/5/14,18.23,18.34,18.54,18.17,,-1.41%
2024/5/15,18.45,18.21,18.56,18.06,,1.21%
2024/5/16,17.39,17.46,17.8,16.9,,-5.75%
2024/5/17,16.79,17.27,17.38,16.79,,-3.45%
2024/5/20,17.22,17.25,17.7,16.96,,2.56%
2024/5/21,17.11,17.24,17.46,16.87,,-0.64%
2024/5/22,17.11,16.98,17.2,16.62,,0.00%
2024/5/23,16.25,16.91,16.91,16.24,,-5.03%
2024/5/24,16.96,17.32,17.4,16.67,,4.37%
2024/5/27,16.78,16.89,17.07,16.6,,-1.06%
2024/5/28,16.23,16.43,16.57,16.17,,-3.28%
2024/5/29,16.8,15.99,16.82,15.85,,3.51%
2024/5/30,17.62,17.46,18.47,17.28,,4.88%
2024/5/31,16.84,17.17,17.35,16.57,,-4.43%
2024/6/3,17.02,16.72,17.56,16.63,,1.07%
2024/6/4,17.15,17.3,17.47,16.99,,0.76%
2024/6/5,17.77,17.45,18.01,17.34,,3.62%
2024/6/6,17.74,17.62,17.79,17.36,,-0.17%
2024/6/7,17.77,17.73,17.83,17.22,,0.17%
2024/6/10,17.98,17.92,18.27,17.8,,1.18%
2024/6/11,17.58,17.73,18.21,17.46,,-2.22%
2024/6/12,17.61,17.85,17.88,17.54,,0.17%
2024/6/13,17.15,16.81,17.53,16.75,,-2.61%
2024/6/14,16.29,17.47,17.51,16.12,,-5.01%
2024/6/17,18.35,17.58,18.58,17.58,,12.65%
2024/6/18,17.11,17.36,17.36,16.98,,-6.76%
